:020000020000FC
:040000000040007448
:040001000840081497
:040002000800683A50
:0400030000000000F9
:0400040000000000F8
:0400050000000000F7
:0400060000000000F6
:0400070000000000F5
:0400080006C00074BA
:04000900DED4FC1431
:04000A0006800074F8
:04000B00D6B1511405
:04000C0000800074FC
:04000D0010915514E5
:04000E0000C00074BA
:04000F0018D39B1453
:0400100010C00326F3
:0400110010000015C6
:040012001080010455
:0400130010FFFD36A7
:0400140000144EC0C6
:04001500003FFF06A3
:04001600D0A002175D
:0400170010C00417FA
:040018001800071EA7
:040019001140041579
:04001A0011000515B7
:04001B001180031538
:04001C00D0A0091750
:04001D001180051534
:04001E001140041574
:04001F0011000615B1
:04002000D0A0001755
:04002100D0E008170C
:04002200100490BA7C
:040023001109883AFD
:0400240020800084B4
:040025001004913AF8
:040026002008913AE3
:040027001885883A76
:04002800114000156E
:040029001907883AF1
:04002A00198009151B
:04002B00F800283A77
:04002C00200490BA62
:04002D0000C001B45A
:04002E0018E0800452
:04002F0010C5883A36
:040030001140003546
:04003100D1A0001743
:040032002004907A9C
:040033003006907A89
:040034001105883AF0
:04003500100490BA69
:040036001987883A64
:040037001806913ADC
:0400380010C5883A2D
:04003900D0E00817F4
:04003A001885883A63
:04003B001141411519
:04003C00F800283A66
:04003D00200490BA51
:04003E0000C001B449
:04003F0018E10004C0
:0400400010C5883A25
:040041001140003535
:04004200D1A0001732
:040043002004907A8B
:040044003006907A78
:040045001105883ADF
:04004600100490FA18
:040047001987883A53
:040048001806917A8B
:0400490010C5883A1C
:04004A00D0E00817E3
:04004B001885883A52
:04004C0011414C15FD
:04004D00F800283A55
:04004E0000D00034AA
:04004F0018FFFFC4D3
:0400500021800044C7
:0400510020C4703A1D
:0400520030C6703A0A
:04005300018001B473
:0400540031A1400492
:0400550010C00C3695
:04005600D1A000171E
:040057002004907A77
:040058003006907A64
:040059001105883ACB
:04005A00100490FA04
:04005B001987883A3F
:04005C001806917A77
:04005D0010C5883A08
:04005E00D0E00817CF
:04005F001885883A3E
:0400600011414F15E6
:04006100F800283A41
:04006200100E90BA32
:04006300398F883A0F
:0400640039400035EA
:0400650010800044C3
:04006600003FEE0663
:0400670000D0003491
:0400680018FFFFC4BA
:0400690021800044AE
:04006A0020C4703A04
:04006B0030C6703AF1
:04006C00018001B45A
:04006D0031A1800439
:04006E0010C00C367C
:04006F00D1A0001705
:040070002004907A5E
:040071003006907A4B
:040072001105883AB2
:04007300100490FAEB
:040074001987883A26
:040075001806917A5E
:0400760010C5883AEF
:04007700D0E00817B6
:040078001885883A25
:0400790011415015CC
:04007A00F800283A28
:04007B00100E90BA19
:04007C00398F883AF6
:04007D0039400035D1
:04007E0010800044AA
:04007F00003FEE064A
:04008000008001F407
:0400810010800237B2
:0400820000FFFFF488
:040083002008923A85
:0400840018C03FC49D
:0400850010C4703AF9
:040086001104B03A77
:0400870000C001F4C0
:0400880018800235A5
:04008900F800283A19
:04008A00008001F4FD
:04008B0010800237A8
:04008C0010BFFFECB6
:04008D001108B03A6C
:04008E00008001F4F9
:04008F001100023525
:04009000F800283A12
:04009100008001F4F6
:0400920010800237A1
:0400930000C001F4B4
:040094002008943A72
:0400950010BFFFCCCD
:040096001104B03A67
:040097001880023596
:04009800F800283A0A
:0400990000C000C4DF
:04009A00008002746C
:04009B0010F002352A
:04009C0010300135EA
:04009D0010300335E7
:04009E0010300435E5
:04009F00D0A0038B5F
:0400A00010803E0C82
:0400A10010803E206D
:0400A2001000071E25
:0400A300D0A00117D1
:0400A40000C03FC495
:0400A50010C0021570
:0400A60010C004156D
:0400A70010C001156F
:0400A80010C003156C
:0400A90010C000156E
:0400AA00F800283AF8
:0400AB0000BFFF840F
:0400AC001104183AE9
:0400AD002940006086
:0400AE00280A943A4E
:0400AF0010803FCCB2
:0400B00000C0027416
:0400B1001144B03A0C
:0400B2001885003578
:0400B300F800283AEF
:0400B400F800283AEE
:0400B500200490BAD9
:0400B60000C001B4D1
:0400B70018E0400409
:0400B80010C5883AAD
:0400B90011400035BD
:0400BA00D1A00017BA
:0400BB002004907A13
:0400BC003006907A00
:0400BD001105883A67
:0400BE00100490BAE0
:0400BF001987883ADB
:0400C0001806913A53
:0400C10010C5883AA4
:0400C200D0E008176B
:0400C3001885883ADA
:0400C4001141401591
:0400C500F800283ADD
:0400C600DEFFFE0457
:0400C700DC00001544
:0400C800DFC001157F
:0400C9002021883A30
:0400CA0000100B0017
:0400CB00008001B4FC
:0400CC001423803544
:0400CD00102388353F
:0400CE00DFC0011777
:0400CF00DC0000173A
:0400D000DEC0020488
:0400D100F800283AD1
:0400D200DEFFFE044B
:0400D300DC00001538
:0400D400DFC0011573
:0400D5002021883A24
:0400D60000100F40C7
:0400D700008001B4F0
:0400D8001423803538
:0400D9001023883533
:0400DA00DFC001176B
:0400DB00DC0000172E
:0400DC00DEC002047C
:0400DD00F800283AC5
:0400DE00200490BAB0
:0400DF0000C001B4A8
:0400E00018E0C00460
:0400E10010C5883A84
:0400E20028C004042A
:0400E30010C0003514
:0400E400D1A0001790
:0400E5002004907AE9
:0400E6003006907AD6
:0400E7001105883A3D
:0400E800100490BAB6
:0400E9001987883AB1
:0400EA001806913A29
:0400EB0010C5883A7A
:0400EC00D0E0081741
:0400ED001885883AB0
:0400EE001141421565
:0400EF00008001B4D8
:0400F0001123803523
:0400F100102388351B
:0400F200F800283AB0
:0400F300200890FA57
:0400F400008001B4D3
:0400F50010A1C00492
:0400F6002149883ADA
:0400F700280A90BA89
:0400F800288B883A8F
:0400F9002980003525
:0400FA00D1600017BA
:0400FB002004907AD3
:0400FC002806907AC8
:0400FD001105883A27
:0400FE00100490BAA0
:0400FF001947883ADB
:04010000180691FA52
:0401010010C5883A63
:04010200D0E008172A
:040103001885883A99
:040104001180E11570
:04010500F800283A9C
:04010600200890FA43
:04010700008001B4BF
:0401080010A200043D
:040109002149883AC6
:04010A00280A90BA75
:04010B00288B883A7B
:04010C002980003511
:04010D00D1600017A6
:04010E002004907ABF
:04010F002806907AB4
:040110001105883A13
:04011100100490BA8C
:040112001947883AC7
:04011300180691FA3F
:0401140010C5883A50
:04011500D0E0081717
:040116001885883A86
:040117001180E2155C
:04011800F800283A89
:04011900200890FA30
:04011A00008001B4AC
:04011B0010A24004EA
:04011C002149883AB3
:04011D00280A90BA62
:04011E00288B883A68
:04011F0029800035FE
:04012000D160001793
:040121002004907AAC
:040122002806907AA1
:040123001105883A00
:04012400100490BA79
:040125001947883AB4
:04012600180691FA2C
:0401270010C5883A3D
:04012800D0E0081704
:040129001885883A73
:04012A001180E0154B
:04012B00F800283A76
:04012C0028800244E1
:04012D00100490BA70
:04012E0000C001B458
:04012F0018E1C0040F
:0401300010C5883A34
:040131001180003504
:04013200D1E0001701
:04013300290B883AD2
:040134002804907A91
:040135003806907A7E
:040136001145883AAD
:0401370019C7883A22
:040138001806913ADA
:04013900100490BA64
:04013A0010C5883A2A
:04013B00D0E00817F1
:04013C001885883A60
:04013D0011816515B2
:04013E00F800283A63
:04013F0028800244CE
:04014000100490BA5D
:0401410000C001B445
:0401420018E20004BB
:0401430010C5883A21
:0401440011800035F1
:04014500D1E00017EE
:04014600290B883ABF
:040147002804907A7E
:040148003806907A6B
:040149001145883A9A
:04014A0019C7883A0F
:04014B001806913AC7
:04014C00100490BA51
:04014D0010C5883A17
:04014E00D0E00817DE
:04014F001885883A4D
:04015000118166159E
:04015100F800283A50
:04015200DEFFFC04CC
:04015300DC40011576
:04015400044001B4AE
:04015500DC80021533
:04015600DC000015B4
:04015700DFC00315ED
:040158000021883AC0
:040159008C60C004F2
:04015A000480040415
:04015B008009883A55
:04015C000140010459
:04015D0000102D4021
:04015E00000B883AD0
:04015F008009883A51
:0401600000100B0080
:04016100800490BACC
:040162001445883A7E
:0401630014800035CF
:04016400D12000178F
:040165008004907A08
:040166002006907A65
:040167001405883AB9
:04016800100490BA35
:040169001907883AB0
:04016A001806913AA8
:04016B0084000044C8
:04016C0010C5883AF8
:04016D00D0E00817BF
:04016E001885883A2E
:04016F001001421524
:040170008080011872
:04017100103FE91E34
:040172000021883AA6
:040173008009883A3D
:04017400000B883ABA
:0401750000100F4027
:040176008009883A3A
:0401770001400184BE
:0401780000101380E0
:0401790084000044BA
:04017A008080011868
:04017B00103FF71E1C
:04017C0000C03FC4BC
:04017D00008001B449
:04017E0010E38035D5
:04017F00102388358C
:04018000DFC00317C2
:04018100DC80021705
:04018200DC40011745
:04018300DC00001785
:04018400DEC00404D1
:04018500F800283A1C
:04018600008001B440
:0401870000C001B4FF
:0401880010A2C004FD
:0401890018E2C804AC
:04018A0011400035EB
:04018B0011404035AA
:04018C0010800104DA
:04018D0010FFFC1E45
:04018E0000803FC4EA
:04018F0000C001B4F7
:0401900018A38235F9
:040191001962C935F1
:0401920018A38335F6
:04019300200490BAFA
:0401940018E28004E9
:0401950010C5883ACF
:0401960011400035DF
:04019700008001B42F
:04019800102381357A
:040199001123803579
:04019A001023883571
:04019B00F800283A06
:04019C0000D000345B
:04019D0018FFFFC484
:04019E0020C4703ACF
:04019F0021000044F7
:0401A00020C8703AC9
:0401A1001100013612
:0401A200F800283AFF
:0401A30000C001B4E3
:0401A40018A38035E7
:0401A5001080004482
:0401A600003FFA0616
:0401A700DEFFFC0477
:0401A800DC800215E0
:0401A900DC40011520
:0401AA00DC00001560
:0401AB00DFC0031599
:0401AC002021883A4C
:0401AD003025883A37
:0401AE000023883A68
:0401AF00000D883A7D
:0401B000880B883AF6
:0401B1008009883AFF
:0401B20000103CC03D
:0401B300000D883A79
:0401B400880B883AF2
:0401B5008009883AFB
:0401B6000010418074
:0401B7009000041E92
:0401B800000D883A74
:0401B900880B883AED
:0401BA008009883AF6
:0401BB0000104640AA
:0401BC008C4000442F
:0401BD00888002181C
:0401BE00103FF01EE0
:0401BF0000C03FC479
:0401C000008001B406
:0401C10010E3823590
:0401C2008022907A8D
:0401C30090000B1E7F
:0401C4001022493587
:0401C500D12000172E
:0401C6008C05883AE2
:0401C700100490BAD6
:0401C8002006907A03
:0401C9001907883A50
:0401CA001806913A48
:0401CB0010C5883A99
:0401CC00D0E0081760
:0401CD001885883ACF
:0401CE0010016415A3
:0401CF008009883AE1
:0401D000000D883A5C
:0401D100000B883A5D
:0401D20000104B00CE
:0401D300000D883A59
:0401D400000B883A5A
:0401D5008009883ADB
:0401D60000104FC006
:0401D70000C03FC461
:0401D800008001B4EE
:0401D90010E3833577
:0401DA0090000B1E68
:0401DB001022483571
:0401DC00D120001717
:0401DD008C05883ACB
:0401DE00100490FA7F
:0401DF002006907AEC
:0401E0001907883A39
:0401E1001806917AF1
:0401E20010C5883A82
:0401E300D0E0081749
:0401E4001885883AB8
:0401E500100151159F
:0401E60000C00184D0
:0401E700008001B4DF
:0401E80010E1C83525
:0401E900D12000170A
:0401EA008C23883AA0
:0401EB00882290FADC
:0401EC002004907AE1
:0401ED000140018448
:0401EE001105883A35
:0401EF001004917AED
:0401F0008009883AC0
:0401F10088A3883A1D
:0401F200D0A008177A
:0401F3001445883AED
:0401F40010C14D15D4
:0401F5000010138063
:0401F6008009883ABA
:0401F700001067008D
:0401F800008001B4CE
:0401F9001023813519
:0401FA001023883511
:0401FB00DFC0031747
:0401FC00DC8002178A
:0401FD00DC400117CA
:0401FE00DC0000170A
:0401FF00DEC0040456
:04020000F800283AA0
:04020100008001B4C4
:04020200112380350F
:04020300F800283A9D
:04020400008001B4C1
:04020500102381350C
:04020600F800283A9A
:04020700008001B4BE
:040208001123823507
:04020900F800283A97
:04020A00008001B4BB
:04020B001123833503
:04020C00F800283A94
:04020D00DEFFFB0411
:04020E00DCC0031538
:04020F00DC80021578
:04021000DC400115B8
:04021100DC000015F8
:04021200DFC0041530
:040213002023883AE2
:040214002821883ADB
:040215003025883ACE
:040216002CC00204F2
:04021700900D883A84
:04021800800B883A95
:040219008809883A8E
:04021A00001046404A
:04021B00008001B4AA
:04021C0014238235F0
:04021D008400004415
:04021E009C3FF81EEB
:04021F00DFC0041721
:04022000DCC0031724
:04022100DC80021764
:04022200DC400117A4
:04022300DC000017E4
:04022400DEC005042F
:04022500F800283A7B
:04022600DEFFFC04F7
:04022700DC80021560
:04022800DC400115A0
:04022900DC000015E0
:04022A00DFC0031519
:04022B002023883ACA
:04022C003025883AB7
:04022D000021883AEA
:04022E00900D883A6D
:04022F00800B883A7E
:040230008809883A77
:0402310000103CC0BD
:04023200008001B493
:0402330014238235D9
:0402340084000044FE
:0402350080800218AB
:04023600103FF71E60
:04023700DFC003170A
:04023800DC8002174D
:04023900DC4001178D
:04023A00DC000017CD
:04023B00DEC0040419
:04023C00F800283A64
:04023D00DEFFFC04E0
:04023E00DC80021549
:04023F00DC40011589
:04024000DC000015C9
:04024100DFC0031502
:040242002023883AB3
:040243003025883AA0
:040244000021883AD3
:04024500900D883A56
:04024600800B883A67
:040247008809883A60
:0402480000104180E1
:04024900008001B47C
:04024A0014238235C2
:04024B0084000044E7
:04024C008080021894
:04024D00103FF71E49
:04024E00DFC00317F3
:04024F00DC80021736
:04025000DC40011776
:04025100DC000017B6
:04025200DEC0040402
:04025300F800283A4D
:04025400DEFFFF04C6
:04025500280D883AAE
:04025600000B883AD7
:04025700DFC00015EF
:0402580000104B0047
:04025900008001B46C
:04025A0010238335B5
:04025B00DFC00017E9
:04025C00DEC00104FB
:04025D00F800283A43
:04025E00DEFFFE04BD
:04025F00DC000015AA
:04026000DFC00115E5
:040261002021883A96
:04026200008001B463
:040263001161C83528
:04026400D1E00017CE
:040265002004907A67
:040266003806907A4C
:040267001105883ABB
:04026800100490FAF4
:0402690019C7883AEF
:04026A001806917A67
:04026B0010C5883AF8
:04026C00D0E00817BF
:04026D001885883A2E
:04026E0011414D15D8
:04026F00008001B456
:0402700010238135A1
:0402710000101380E6
:040272008009883A3D
:04027300DFC00117D0
:04027400DC00001793
:04027500DEC00204E1
:04027600001067010C
:04027700DEFFFE04A4
:04027800DC00001591
:04027900DFC00115CC
:04027A002021883A7D
:04027B00008001B44A
:04027C0011620835CE
:04027D00D1E00017B5
:04027E002004907A4E
:04027F003806907A33
:040280001105883AA2
:04028100100490FADB
:0402820019C7883AD6
:040283001806917A4E
:0402840010C5883ADF
:04028500D0E00817A6
:040286001885883A15
:0402870011414E15BE
:04028800008001B43D
:040289001023813588
:04028A00001019C087
:04028B008009883A24
:04028C00DFC00117B7
:04028D00DC0000177A
:04028E00DEC00204C8
:04028F0000106701F3
:04029000DEFFFC048D
:04029100DC800215F6
:04029200DC40011536
:040293002025883A60
:040294002823883A59
:04029500008001B430
:04029600DFC00315AD
:04029700DC00001572
:040298001421C8372E
:040299008C00073698
:04029A0084400D3659
:04029B00DFC00317A6
:04029C00DC800217E9
:04029D00DC40011729
:04029E00DC00001769
:04029F00DEC00404B5
:0402A000F800283A00
:0402A100843FFFC4D3
:0402A200800B883A0B
:0402A3009009883AFC
:0402A400001097802F
:0402A500008001B420
:0402A6001023883564
:0402A700003FF1061D
:0402A800840000448A
:0402A900800B883A04
:0402AA009009883AF5
:0402AB000010978028
:0402AC00008001B419
:0402AD00102388355D
:0402AE00003FEB061C
:0402AF00DEFFFC046E
:0402B000DC800215D7
:0402B100DC40011517
:0402B2002025883A41
:0402B3002823883A3A
:0402B400008001B411
:0402B500DFC003158E
:0402B600DC00001553
:0402B70014220837CE
:0402B8008C00073679
:0402B90084400D363A
:0402BA00DFC0031787
:0402BB00DC800217CA
:0402BC00DC4001170A
:0402BD00DC0000174A
:0402BE00DEC0040496
:0402BF00F800283AE1
:0402C000843FFFC4B4
:0402C100800B883AEC
:0402C2009009883ADD
:0402C30000109DC0CA
:0402C400008001B401
:0402C5001023883545
:0402C600003FF106FE
:0402C700840000446B
:0402C800800B883AE5
:0402C9009009883AD6
:0402CA0000109DC0C3
:0402CB00008001B4FA
:0402CC00102388353E
:0402CD00003FEB06FD
:0402CE00DEFFFD044E
:0402CF00DFC0021575
:0402D000DC400115F8
:0402D100DC00001538
:0402D2003023883A13
:0402D3002021883A24
:0402D400001089800D
:0402D500880B883AD0
:0402D6008009883AD9
:0402D700001095007E
:0402D800880B883ACD
:0402D9008009883AD6
:0402DA00DFC0021768
:0402DB00DC400117EB
:0402DC00DC0000172B
:0402DD00DEC0030478
:0402DE0000109781F4
:0402DF00DEFFFF043B
:0402E000DFC0001566
:0402E1000010B380D6
:0402E200008001B4E3
:0402E3001023883527
:0402E400DFC0001760
:0402E500DEC0010472
:0402E600F800283ABA
:0402E700DEFFFB0437
:0402E800DCC003155E
:0402E90004C001B498
:0402EA00DC8002159D
:0402EB00DC400115DD
:0402EC00DC0000151D
:0402ED00DFC0041555
:0402EE002021883A09
:0402EF003023883AF6
:0402F0000025883A23
:0402F1009CE2000487
:0402F200900490BA2A
:0402F30014C5883A6C
:0402F400108000373F
:0402F500000D883A36
:0402F600900B883AA7
:0402F7008009883AB8
:0402F8000010418031
:0402F900008001B4CC
:0402FA0014A3823592
:0402FB0094800044A7
:0402FC0090800218D4
:0402FD00103FF41E9C
:0402FE00008001B4C7
:0402FF0010A2093709
:04030000000D883A2A
:04030100000B883A2B
:040302008009883AAC
:0403030000104FC0D7
:04030400008001B4C0
:040305001023833509
:0403060010E20837C2
:040307001C47883ACD
:040308008004907A63
:0403090018000C26A6
:04030A00010001B439
:04030B0020E1C835F0
:04030C00D1A0001765
:04030D001409883A0D
:04030E00200890FA39
:04030F00300A907AA6
:04031000298B883A73
:04031100280A917AAB
:040312002149883ABB
:04031300D160081796
:040314002909883AF1
:0403150020C14D15A1
:0403160000C001B46E
:04031700182208356B
:04031800D1200017D9
:040319001405883A05
:04031A00100490FA41
:04031B002006907AAE
:04031C001907883AFB
:04031D001806917AB3
:04031E0010C5883A44
:04031F00D0E008170B
:040320001885883A7A
:0403210010014E1564
:04032200008001B4A2
:0403230010238135ED
:04032400800490BA07
:0403250000C001B45F
:0403260018E1800456
:0403270010C5883A3B
:04032800108000370A
:04032900888B883AFB
:04032A00280002267F
:04032B008009883A83
:04032C00001013802A
:04032D008009883A81
:04032E00000B883AFE
:04032F00001019C0E1
:040330008009883A7E
:04033100DFC004170E
:04033200DCC0031711
:04033300DC80021751
:04033400DC40011791
:04033500DC000017D1
:04033600DEC005041C
:04033700001067014A
:04033800DEFFFF04E1
:04033900DFC000150C
:04033A000010B9C036
:04033B00008001B489
:04033C0010238835CD
:04033D00DFC0001706
:04033E00DEC0010418
:04033F00F800283A60
:0403400000C03FC4F6
:0403410000800274C2
:0403420010C20035B0
:0403430000C00044B2
:0403440010C30035AD
:04034500F800283A5A
:04034600F800283A59
:04034700DEFFFE04D3
:04034800DFC00115FC
:04034900DC000015BF
:04034A0000800274B9
:04034B001005003564
:04034C00D0A0030B2F
:04034D0000C0027476
:04034E001080210CEE
:04034F0018820035DB
:04035000D0A0030B2B
:040351001080080C04
:0403520018820135D7
:04035300D0A0030B28
:040354001080080C01
:0403550018820235D3
:0403560000801BC444
:0403570018830035D2
:0403580018830135D0
:0403590018830235CE
:04035A0018800035D2
:04035B0000C000449A
:04035C0000800274A7
:04035D0010F0013566
:04035E00D0A0030B1D
:04035F0000C0027464
:040360001080210CDC
:0403610018820035C9
:04036200D0A0030B19
:04036300108018CC22
:0403640018820135C5
:04036500D0A0030B16
:040366001080028C75
:0403670018820235C1
:0403680000801D04F0
:0403690018830035C0
:04036A0018830135BE
:04036B0018830235BC
:04036C0018800035C0
:04036D00D0A0030B0E
:04036E0010803E4C71
:04036F0018820135BA
:0403700004001EC4A3
:040371000080027492
:04037200140301353A
:04037300140000353D
:04037400D0A00117FD
:0403750010800517D8
:0403760010002F1E26
:0403770000C03F84FF
:04037800008002748B
:0403790010C5003576
:04037A000010D0009F
:04037B0000C00104B9
:04037C000080027487
:04037D0010C0003577
:04037E00D0A0030BFD
:04037F0000C0027444
:04038000108000CC1D
:0403810018820135A8
:040382000080027481
:040383001403013529
:04038400140000352C
:040385000010D00094
:0403860000C001446E
:04038700008002747C
:0403880010C000356C
:04038900D0A0030BF2
:04038A0000C0027439
:04038B00108000CC12
:04038C00188201359D
:04038D000080027476
:04038E00140301351E
:04038F001400003521
:040390000010D00089
:0403910000C000C4E4
:040392000080027471
:0403930010C0003561
:040394000010D00085
:0403950000C0008420
:04039600008002746D
:0403970010C000355D
:040398000010D00081
:0403990000C001841B
:04039A000080027469
:04039B0010C0003559
:04039C00D0E00303A7
:04039D0010C2003555
:04039E00D0A0030BDD
:04039F0000C0027424
:0403A0001080004C7D
:0403A1001882013588
:0403A20000801E8435
:0403A3001883003586
:0403A4001883013584
:0403A5001880003587
:0403A600DFC001179C
:0403A700DC0000175F
:0403A800DEC00204AD
:0403A900F800283AF6
:0403AA00F800283AF5
:0403AB00D0A00117C6
:0403AC0010800517A1
:0403AD001000321EEC
:0403AE00DEFFFE046C
:0403AF00DFC0011595
:0403B000DC00001558
:0403B10000C03F84C5
:0403B2000080027451
:0403B30010C500353C
:0403B40000C00484FD
:0403B50010C000353F
:0403B6000010D00063
:0403B70000C001047D
:0403B800008002744B
:0403B90010C000353B
:0403BA00D0A0030BC1
:0403BB0000C0027408
:0403BC00108000CCE1
:0403BD00188201356C
:0403BE0004001EC455
:0403BF000080027444
:0403C00014030135EC
:0403C10014000035EF
:0403C2000010D00057
:0403C30000C0014431
:0403C400008002743F
:0403C50010C000352F
:0403C600D0A0030BB5
:0403C70000C00274FC
:0403C800108000CCD5
:0403C9001882013560
:0403CA000080027439
:0403CB0014030135E1
:0403CC0014000035E4
:0403CD000010D0004C
:0403CE0000C000C4A7
:0403CF000080027434
:0403D00010C0003524
:0403D100D0A0030BAA
:0403D20000C00274F1
:0403D300108000CCCA
:0403D4001882013555
:0403D500008002742E
:0403D60014030135D6
:0403D70014000035D9
:0403D8000010D00041
:0403D90000C001C49B
:0403DA000080027429
:0403DB0010C0003519
:0403DC00DFC0011766
:0403DD00DC00001729
:0403DE00DEC0020477
:0403DF00F800283AC0
:0403E000F800283ABF
:0403E100DEFFF9043E
:0403E200D8800717A1
:0403E300DCC0031562
:0403E400DC800215A2
:0403E500DFC006155A
:0403E600DD400515DC
:0403E700DD0004151C
:0403E800DC400115DF
:0403E900DC0000151F
:0403EA002025883A08
:0403EB003827883AED
:0403EC0010001D1EC2
:0403ED0025000044A3
:0403EE00D0A0011783
:0403EF00282090BA78
:0403F000044002744F
:0403F10010C0011720
:0403F2008463883A5E
:0403F30098C0001599
:0403F4001540021797
:0403F5009500163623
:0403F600008002740D
:0403F70080A1883A1F
:0403F800008012442B
:0403F90080800035CB
:0403FA0000C03F847C
:0403FB000080027408
:0403FC0010C50035F3
:0403FD00D0A0011774
:0403FE0010C0011713
:0403FF0098800017CB
:040400001885003A21
:04040100DFC006173B
:04040200DD400517BD
:04040300DD000417FD
:04040400DCC003173E
:04040500DC8002177E
:04040600DC400117BE
:04040700DC000017FE
:04040800DEC0070447
:04040900F800283A95
:04040A0005000044A5
:04040B00003FE206C6
:04040C0090C0014457
:04040D00180690BA83
:04040E00D0A0011762
:04040F0010C5883A52
:040410001080001741
:040411001000171EA2
:040412000140004461
:040413009009883A8A
:0404140000102AC0EA
:0404150000C0080417
:0404160000800274EC
:0404170010C20035DA
:040418000080130449
:040419000100027468
:04041A002083003506
:04041B0020C20135C5
:04041C0001001504C2
:04041D0000C00274A5
:04041E001903013588
:04041F00182002356A
:040420001804003587
:04042100888000359A
:0404220000800274E0
:0404230010C00037CE
:0404240098800017A5
:0404250000C6303AA3
:04042600A884703AFC
:0404270010C4703A53
:0404280098800015A3
:040429009480004477
:04042A00003FCA06BF
:04042B00DEFFF904F3
:04042C000080004408
:04042D00DCC0041516
:04042E00DC80031556
:04042F00DC40021596
:040430002825883AB9
:040431002023883AC2
:040432003027883AAD
:04043300300F883AC4
:04043400D880001557
:04043500280D883ACC
:04043600200B883AD5
:040437000009883AF6
:04043800DFC0061506
:04043900DD000515C8
:04043A00DC000115CC
:04043B000010F84075
:04043C001000171E77
:04043D001021883AC8
:04043E000500004471
:04043F00800B883A6C
:040440008809883A65
:0404410000103180F6
:04044200980F883A4D
:04044300DD000015C3
:04044400900D883A55
:04044500880B883A5E
:040446000009883AE7
:040447000010F84069
:0404480010000B1E77
:0404490084000044E7
:04044A0080C0021854
:04044B00183FF31E45
:04044C00DFC00617F0
:04044D00DD000517B2
:04044E00DCC00417F3
:04044F00DC80031733
:04045000DC40021773
:04045100DC000117B3
:04045200DEC00704FD
:04045300F800283A4B
:0404540000800044E0
:04045500003FF60668
:04045600DEFFFD04C4
:04045700DC000015B0
:04045800DFC00215EA
:04045900DC4001156D
:04045A002021883A9B
:04045B0028000A1E4D
:04045C0024400044F4
:04045D0084400A3697
:04045E0000C03F8417
:04045F0000800274A3
:0404600010C500358E
:04046100DFC00217DF
:04046200DC40011762
:04046300DC000017A2
:04046400DEC00304EF
:04046500F800283A39
:04046600044000440A
:04046700003FF50657
:0404680080C001440B
:04046900180690BA27
:04046A00D0A0011706
:04046B0010C5883AF6
:04046C0010800017E5
:04046D001000171E46
:04046E000140004405
:04046F008009883A3E
:0404700000102AC08E
:0404710000800804FB
:0404720000C0027450
:0404730018820035B6
:04047400010006C4B9
:040475001903003532
:0404760018820135B2
:0404770000C007C4F6
:04047800008002748A
:0404790010C3013576
:04047A0000800104F9
:04047B0000C0027447
:04047C0018820235AB
:04047D000100064430
:04047E001903023527
:04047F0018820335A7
:0404800000C007446D
:040481000080027481
:0404820010C303356B
:0404830000C00604AB
:0404840010C000356F
:0404850084000044AB
:04048600003FD60657
:04048700DEFFF90497
:04048800D8800917F8
:04048900DCC00315BB
:04048A00DC800215FB
:04048B00DC4001153B
:04048C00DC0000157B
:04048D00DFC00615B1
:04048E00DD40051533
:04048F00DD00041573
:04049000DC800717EE
:040491002023883A62
:040492002821883A5B
:040493003827883A44
:0404940010001C1E1A
:0404950025000044FA
:04049600D0A00117DA
:0404970010C0011779
:0404980090C00015FB
:0404990015400217F1
:04049A008D00183683
:04049B00802090BA73
:04049C000080027466
:04049D0080A1883A78
:04049E000080124484
:04049F008080003524
:0404A00000C03F84D5
:0404A1000080027461
:0404A20098004A264E
:0404A30010C500354B
:0404A400D0A00117CC
:0404A50090C00017EC
:0404A60010800117AA
:0404A70010C5003A42
:0404A800DFC0061794
:0404A900DD40051716
:0404AA00DD00041756
:0404AB00DCC0031797
:0404AC00DC800217D7
:0404AD00DC40011717
:0404AE00DC00001757
:0404AF00DEC00704A0
:0404B000F800283AEE
:0404B10005000044FE
:0404B200003FE3061E
:0404B30088C00144B8
:0404B400180690BADC
:0404B500D0A00117BB
:0404B60010C5883AAB
:0404B700108000179A
:0404B8001000261EEC
:0404B90001400044BA
:0404BA008809883AEB
:0404BB0000102AC043
:0404BC0000800404B4
:0404BD0000C0027405
:0404BE00188201356A
:0404BF0001001844DC
:0404C00019030135E6
:0404C1001882023566
:0404C20000C01AC498
:0404C300008002743F
:0404C40010C302352A
:0404C500D8800817BC
:0404C60010001A26E2
:0404C70000C00184EC
:0404C800008002743A
:0404C90010C2003528
:0404CA000080164454
:0404CB0000C00274F7
:0404CC00188300355C
:0404CD00010000C466
:0404CE0019020335D7
:0404CF001883033556
:0404D0000080027432
:0404D10010200235C0
:0404D20010040035DD
:0404D3001081000490
:0404D400800690BA54
:0404D50010C5883A8C
:0404D60000C0164408
:0404D70010C000351C
:0404D800008002742A
:0404D90010C0003718
:0404DA0090800017F7
:0404DB0000C6303AED
:0404DC00A884703A46
:0404DD0010C4703A9D
:0404DE0090800015F5
:0404DF008C40004409
:0404E000003FB9061A
:0404E10000C00C84C7
:0404E2000080027420
:0404E30010C200350E
:0404E400008016443A
:0404E50000C00274DD
:0404E6001883003542
:0404E70018020335BF
:0404E800188303353D
:0404E9000080027419
:0404EA0010200235A7
:0404EB0010040035C4
:0404EC00003FE706E0
:0404ED0010C5003501
:0404EE0090800017E3
:0404EF001004C03AFB
:0404F000003FB7060C
:0404F100DEFFF60430
:0404F200DD400815CC
:0404F300DD0007150C
:0404F400DCC006154D
:0404F500DC8005158D
:0404F600DC400415CD
:0404F700DC0003150D
:0404F800DFC0091543
:0404F9002025883AF8
:0404FA002823883AF1
:0404FB003027883AE4
:0404FC003829883AD9
:0404FD000021883A18
:0404FE000540004471
:0404FF00D8800A1780
:04050000DD400215C3
:04050100DD00001504
:04050200D880011587
:04050300980F883A8B
:04050400018000442E
:04050500900B883A95
:040506000009883A26
:04050700001121C0FE
:040508001080004C13
:0405090010000226B6
:04050A008400004425
:04050B008C3FF31E10
:04050C00DFC009172C
:04050D00DD400817AE
:04050E00DD000717EE
:04050F00DCC006172F
:04051000DC8005176F
:04051100DC400417AF
:04051200DC000317EF
:04051300DEC00A0438
:04051400F800283A89
:0405150000800274EC
:04051600112001357A
:040517002880001721
:04051800108000440B
:040519002880001521
:04051A00F800283A83
:04051B00008003C495
:04051C0000C00274A5
:04051D00192001356B
:04051E0028C00017DA
:04051F0010BFFFC446
:0405200018C00044BB
:0405210028C00015D9
:04052200103FF91E6F
:04052300F800283A7A
:04052400DEFFF404FE
:04052500DC4004159D
:040526002023883ACC
:04052700010000C40B
:04052800DFC00B1510
:04052900DC80051558
:04052A00DC000315D9
:04052B00DDC00A1510
:04052C00DD80091550
:04052D00DD40081590
:04052E00DD000715D0
:04052F00DCC0061511
:040530000010200097
:04053100000B883AF9
:040532008809883A72
:0405330000103780FD
:04053400014000443E
:040535008809883A6F
:040536000010318000
:04053700D0A0091730
:0405380000C00244B9
:040539000021883ADB
:04053A0010C02415B4
:04053B000025883AD5
:04053C00DC000115C9
:04053D00808004189E
:04053E0010000C1E7F
:04053F000005883AF1
:04054000DFC00B17F6
:04054100DDC00A17F8
:04054200DD80091738
:04054300DD40081778
:04054400DD000717B8
:04054500DCC00617F9
:04054600DC80051739
:04054700DC40041779
:04054800DC000317B9
:04054900DEC00C0400
:04054A00F800283A53
:04054B00D8000015BF
:04054C00D9C002040C
:04054D00000D883ADB
:04054E000140014423
:04054F008809883A55
:0405500000113C401A
:040551001029883AAB
:040552001000021E75
:040553009000051EF1
:0405540004800044DB
:0405550000800274AC
:0405560014600135F7
:0405570084000044D8
:04055800003FE30677
:04055900002B883AB1
:04055A000027883AB4
:04055B00980B883A37
:04055C008809883A48
:04055D0000103780D3
:04055E00A821883A0E
:04055F00002D883AA9
:0405600084003A8455
:0405610004800044CE
:04056200000004068B
:04056300948000443C
:040564009080022061
:0405650084003A8450
:040566001000241E3F
:04056700900B883A33
:040568008809883A3C
:0405690000103180CD
:04056A00D9C00204EE
:04056B00D80000159F
:04056C00000D883ABC
:04056D000140014404
:04056E008809883A36
:04056F0000113C40FB
:04057000103FF22620
:0405710098009D1E33
:0405720094FFFFC42F
:0405730098002426A2
:0405740085FFC584B6
:04057500980B883A1D
:040576008809883A2E
:0405770000103180BF
:04057800BC00222E73
:040579000025883A97
:04057A00900B883A20
:04057B008809883A29
:04057C0000103780B4
:04057D00D9C00204DB
:04057E00D80000158C
:04057F00000D883AA9
:0405800001400144F1
:040581008809883A23
:0405820000113C40E8
:0405830010002A1E1C
:04058400948000441B
:0405850090C00420FE
:04058600BDC00644AA
:040587001800011E39
:04058800BC3FF1364D
:04058900802F883AFD
:04058A000000240643
:04058B000080027476
:04058C0014600135C1
:04058D00D8800117FA
:04058E00B5800044F0
:04058F001080004494
:04059000D8800115F9
:04059100B080042012
:04059200103FCD2623
:04059300AD4006442D
:04059400A8803E9865
:040595009CC00044C2
:04059600103FC41E30
:04059700003FA70674
:04059800802F883AEE
:0405990004C0004456
:04059A00003FDA063E
:04059B00D0E008178D
:04059C008804917AC4
:04059D00802F883AE9
:04059E001885883AFA
:04059F001400A3158C
:0405A000D8800117E7
:0405A1008808917ABB
:0405A2009940004438
:0405A300108003CCF5
:0405A4001909883A6F
:0405A5002140A1153B
:0405A6002000A2157A
:0405A70089000504BE
:0405A8002008917A1C
:0405A90084003A840C
:0405AA0005400044C4
:0405AB001907883A6A
:0405AC00188000159E
:0405AD000000100634
:0405AE000080004485
:0405AF00D0E0081779
:0405B0008808917AAC
:0405B100D940011715
:0405B2001909883A61
:0405B30025C0A315A7
:0405B40010001C26F1
:0405B5008880050431
:0405B6001004917A22
:0405B70024C0A115A6
:0405B8002480A215E4
:0405B9001885883ADF
:0405BA00290003CC45
:0405BB001100001516
:0405BC0084003A84F9
:0405BD000540008471
:0405BE00000B883A6C
:0405BF008809883AE5
:0405C0009C80008497
:0405C1009CC0019841
:0405C200001037806E
:0405C3009800061E78
:0405C400008002743D
:0405C5001460013588
:0405C600D8800117C1
:0405C7000025883A49
:0405C800108000445B
:0405C900D8800115C0
:0405CA000027883A44
:0405CB009CC000448C
:0405CC009000061E77
:0405CD00AD400044F9
:0405CE0084003A84E7
:0405CF000480004460
:0405D000003FFA06E8
:0405D100D8800117B6
:0405D200003FCE0612
:0405D300900B883AC7
:0405D4008809883AD0
:0405D5000010318061
:0405D600D9C0020482
:0405D700D800001533
:0405D800000D883A50
:0405D9000140014498
:0405DA008809883ACA
:0405DB0000113C408F
:0405DC0010001F1ECE
:0405DD0098800060A2
:0405DE0010002C1EBF
:0405DF0090800058B0
:0405E00010002C1EBD
:0405E100D9400104F8
:0405E2008809883AC2
:0405E300843FC58408
:0405E400AD7FFFC424
:0405E500001146C0FB
:0405E600048001C4C8
:0405E700900B883AB3
:0405E8008809883ABC
:0405E900843FC58402
:0405EA00001031804C
:0405EB000027883A23
:0405EC00980B883AA6
:0405ED008809883AB7
:0405EE000010378042
:0405EF00D9C0020469
:0405F000D80000151A
:0405F100000D883A37
:0405F200014001447F
:0405F3008809883AB1
:0405F40000113C4076
:0405F50010001C26B0
:0405F6009CC0004461
:0405F70098800418CC
:0405F8008400064431
:0405F900103FF21E9F
:0405FA00843FF9C47D
:0405FB0000001706DF
:0405FC00AD400044CA
:0405FD0094800044A2
:0405FE0090800218CF
:0405FF0084003A84B6
:04060000103FCA1EBF
:0406010000800274FF
:04060200146001354A
:04060300D880011783
:04060400B580004479
:04060500108000441D
:04060600D880011582
:04060700B080045863
:04060800103F362643
:040609000025883A06
:04060A00003FC006E7
:04060B00802F883A7A
:04060C00003FF006B5
:04060D0094BFFFC4D3
:04060E00003FD806CB
:04060F00802F883A76
:04061000054000841D
:04061100003FDA06C6
:04061200983FE71E08
:04061300D1200817D3
:040614008804917A4B
:04061500D8C0011731
:040616009CFFFFC482
:040617002085883A78
:040618001400A7150E
:040619001480A5158F
:04061A0014C0A6154D
:04061B0018C003CC34
:04061C0010C0A41551
:04061D0085FF2136FE
:04061E0085E1883AB0
:04061F008020D07AED
:040620008081D46899
:0406210010001A1E8D
:0406220080001E2610
:040623000007883A0A
:04062400000B883A05
:040625001805883AF2
:0406260018C03A843A
:040627001981D42041
:040628002940004421
:040629003000141E6B
:04062A001C3FFA3641
:04062B000025883AE4
:04062C001400042E84
:04062D009480004471
:04062E0090C0042054
:04062F0010800644ED
:04063000183FFB264E
:040631008806907A2D
:04063200A8BFFFC49A
:040633001C47883A9E
:04063400180690BA5A
:0406350020C9883A16
:040636002080C21549
:0406370028800058BF
:040638001000101E80
:040639000025883AD6
:04063A0001400084F7
:04063B0000000D06A8
:04063C00843E2C04C8
:04063D00003FE20692
:04063E00008199841A
:04063F000140020470
:04064000003FEA0687
:040641008806907A1D
:04064200A8BFFFC48A
:04064300000B883AE6
:040644001C47883A8D
:04064500180690BA49
:040646000025883AC9
:0406470020C7883A06
:040648001880C2153F
:04064900297FFFC442
:04064A008809883A59
:04064B0000103180EA
:04064C00900B883A4D
:04064D008809883A56
:04064E0000103780E1
:04064F00D8000015BA
:04065000D9C0020407
:04065100000D883AD6
:04065200014000441F
:040653008809883A50
:0406540000113C4015
:040655001000081E6B
:0406560000800274AA
:0406570014600135F5
:04065800D88001172E
:04065900A5000044B4
:04065A0010800044C8
:04065B00D88001152D
:04065C00A08004185E
:04065D00103FF11E3B
:04065E00A08004185C
:04065F00003EE00673
:04066000DEFFFB04BA
:04066100010000C4D0
:04066200DFC00415DC
:04066300DC4003155F
:04066400DC0002159F
:0406650000102280DF
:04066600010000444B
:04066700001020005F
:040668000140004409
:040669000009883AC2
:04066A0000111580E6
:04066B000021883AA8
:04066C000440004402
:04066D00D0A0021700
:04066E0010C00117A0
:04066F000080027491
:0406700010F0003551
:04067100DC40001554
:04067200D9C00104E6
:0406730001800044BE
:04067400014001C47C
:040675000009883AB6
:0406760000113C40F3
:040677001000062643
:04067800D0E00217B5
:040679000400004435
:04067A0018800117CC
:04067B0010BFFFC4E9
:04067C0018800115CC
:04067D00103FEF1E1D
:04067E000080027482
:04067F001020023510
:0406800080000C26C4
:04068100D0E00217AC
:0406820018800117C4
:04068300108000845F
:0406840018800115C4
:0406850000C002743B
:0406860018B0003573
:040687008005883A28
:04068800DFC00417B4
:04068900DC40031737
:04068A00DC00021777
:04068B00DEC00504C4
:04068C00F800283A10
:04068D0001800044A4
:04068E00014000C463
:04068F0001003FC463
:0406900000100580D1
:04069100D0E000179E
:04069200D1A00817D4
:04069300014000C45E
:04069400180491BAFB
:0406950018C0004445
:04069600010000441B
:040697003085883AE8
:0406980011400815F0
:04069900180691BAF4
:04069A00110009152D
:04069B0011400C15E9
:04069C0011000D1527
:04069D0030CD883A9A
:04069E0031400015D2
:04069F001100111520
:0406A00011401415DC
:0406A100110015151A
:0406A200003FE4062B
:0406A300D0A00217CA
:0406A40010800817A3
:0406A50010FFFFD86B
:0406A6001800271EF3
:0406A70000C03FC48C
:0406A8000080027458
:0406A90010C2023544
:0406AA0028001426EA
:0406AB0000C00E4439
:0406AC0010C3023540
:0406AD0000C00DC4B8
:0406AE0010C303353D
:0406AF0010040035FE
:0406B00000C0100472
:0406B10010C200353E
:0406B20000C00D4433
:0406B30010C300353B
:0406B40000C00C0472
:0406B50010C2013539
:0406B60000800D446F
:0406B7000140118469
:0406B80000C0027408
:0406B90019430135AB
:0406BA00200890BACA
:0406BB0000C0027405
:0406BC0020C9883A8F
:0406BD002080003564
:0406BE00F800283ADE
:0406BF0000C009442A
:0406C0000080027440
:0406C10010C302352B
:0406C20000C008C4A8
:0406C30010C3033528
:0406C40010040035E9
:0406C50000C010045D
:0406C60010C2003529
:0406C70000C0084423
:0406C80010C3003526
:0406C90000C00C045D
:0406CA0010C2013524
:0406CB00008008445F
:0406CC0001400C8459
:0406CD00003FEA06FA
:0406CE0010001B1EDF
:0406CF0000C03FC464
:0406D0000080027430
:0406D10010C202351C
:0406D20028000B26CB
:0406D30000C00E0451
:0406D40010C3023518
:0406D50010040035D8
:0406D60000C010044C
:0406D70010C2003518
:0406D80000C00D84CD
:0406D90010C3003515
:0406DA0000C00C044C
:0406DB0010C2013513
:0406DC0000800D8409
:0406DD00003FD906FB
:0406DE0000C009044B
:0406DF000080027421
:0406E00010C302350C
:0406E10010040035CC
:0406E20000C0100440
:0406E30010C200350C
:0406E40000C00884C6
:0406E50010C3003509
:0406E60000C00C0440
:0406E70010C2013507
:0406E8000080088402
:0406E900003FE206E6
:0406EA0000C00274D6
:0406EB0018020235BA
:0406EC0018030235B8
:0406ED0010BFFFC477
:0406EE001882033536
:0406EF0028000426B5
:0406F00000C00DC475
:0406F100008002740F
:0406F20010C30335F9
:0406F300003FE106DD
:0406F40000C008C476
:0406F500008002740B
:0406F60010C30335F5
:0406F700003FE906D1
:0406F800DEFFF80425
:0406F900D880091785
:0406FA00DD00041506
:0406FB00DCC0031547
:0406FC00DC80021587
:0406FD00DC400115C7
:0406FE00DC00001507
:0406FF00DFC007153C
:04070000DD8006157D
:04070100DD400515BD
:04070200DC400817B8
:040703002021883AEF
:040704002827883AE0
:040705003029883AD5
:040706003825883AD0
:040707001000181EA8
:040708002540004444
:04070900D0A0011764
:04070A0010C0031701
:04070B0088C000158D
:04070C001580041739
:04070D0085401436D9
:04070E0000C03F8464
:04070F0000800274F0
:040710009000282607
:0407110010C50035DA
:04071200D0A001175B
:0407130088C0001783
:040714001080031737
:0407150010C5003AD1
:04071600DFC0071722
:04071700DD80061764
:04071800DD400517A4
:04071900DD000417E4
:04071A00DCC0031725
:04071B00DC80021765
:04071C00DC400117A5
:04071D00DC000017E5
:04071E00DEC008042D
:04071F00F800283A7C
:04072000054000444C
:04072100003FE706A8
:0407220080C001444E
:04072300180690BA6A
:04072400D0A0011749
:0407250010C5883A39
:040726001080001728
:0407270010000F1E91
:040728000140004448
:040729008009883A81
:04072A0000102AC0D1
:04072B0000800274D4
:04072C001020023562
:04072D00A00B883A5B
:04072E009809883A64
:04072F000011A8C04D
:0407300000800274CF
:0407310010C00037BD
:0407320088800017A4
:0407330000C6303A92
:04073400B084703AE3
:0407350010C4703A42
:0407360088800015A2
:0407370084000044F6
:04073800003FD406A4
:0407390010C50035B2
:04073A00888000179C
:04073B001004C03AAC
:04073C00003FD9069B
:04073D00300490BA3A
:04073E0000C001B442
:04073F00DEFFDD04F8
:0407400018E0400479
:04074100DC801B1528
:04074200DC401A1568
:04074300DC001915A8
:040744002823883AA4
:040745003021883A9D
:040746003825883A90
:0407470010C5883A17
:04074800DFC02215D7
:04074900DF00211597
:04074A00DDC02015D9
:04074B00DD801F1519
:04074C00DD401E1559
:04074D00DD001D1599
:04074E00DCC01C15DA
:04074F00D9000315B5
:0407500014C000379A
:040751000005883ADD
:0407520000C00804D7
:04075300D9000904BC
:040754002089883A36
:0407550020C00015AB
:04075600D9001104B1
:040757002089883A33
:040758001080010408
:0407590020C00015A7
:04075A00110008186A
:04075B00203FF71E26
:04075C00846BC83AA8
:04075D00A82A90FA3C
:04075E00002F883AA6
:04075F000039883A9B
:04076000DD8008042C
:04076100E00D883AE5
:04076200900B883A36
:040763008809883A3F
:0407640000108340BE
:04076500008001B45B
:04076600102388359F
:04076700D8802317FC
:0407680010008926CE
:04076900D900031799
:04076A00D80002159C
:04076B00D80001159C
:04076C00DD80001517
:04076D00000F883AB7
:04076E00018001C441
:04076F00800B883A39
:04077000001121C093
:04077100D8C00817CD
:040772001005003A34
:04077300B8EEB03AF2
:0407740010008826C3
:04077500D0A00117F8
:0407760010800117D7
:0407770015C0851E06
:040778008809883A2A
:04077900000D883AAD
:04077A00900B883A1E
:04077B0000108340A7
:04077C00DDC01104C7
:04077D00B809883AF5
:04077E0000C00704AC
:04077F000039883A7B
:04078000D94009044F
:0407810028CB883ABF
:0407820029400017F3
:0407830020800717B4
:04078400E038907A4F
:04078500298008209F
:0407860030008D1E94
:0407870010800818BE
:0407880010008F1EB0
:0407890018FFFF0452
:04078A0018BFFF187D
:04078B00213FFF0407
:04078C00103FF31E09
:04078D00008007C41D
:04078E0014C5C83A8C
:04078F00D8800415F5
:04079000D8801904F0
:040791000029883A79
:04079200D8800515F1
:040793009D0B883AF8
:040794008009883A16
:0407950000102D40E3
:04079600008001B42A
:040797001423803572
:04079800102388356D
:04079900D8802317CA
:04079A0010007F26A6
:04079B00D900031767
:04079C00D80002156A
:04079D00D80001156A
:04079E00DD800015E5
:04079F00000F883A85
:0407A000018001C40F
:0407A100800B883A07
:0407A200001121C061
:0407A300D90008175A
:0407A4001005003A02
:0407A500E138B03A4D
:0407A6001000032616
:0407A700D0A00117C6
:0407A80010800117A5
:0407A90017000E2601
:0407AA00D940090425
:0407AB00D8801104DD
:0407AC002180004C5C
:0407AD00300077267B
:0407AE00150000151D
:0407AF00D8C0051792
:0407B00010800104B0
:0407B1002008D07AD2
:0407B20029400104D5
:0407B30010FFF81E1D
:0407B400D8800417CE
:0407B500D90008154A
:0407B600A500004456
:0407B700153FDB2EE1
:0407B800D1600017F5
:0407B900802A90FA08
:0407BA00D2600817EA
:0407BB00280A917AFD
:0407BC00D9800904D3
:0407BD00DA00110449
:0407BE00300F883A36
:0407BF000009883A6B
:0407C000A905883AC5
:0407C1002885883AC5
:0407C20010C003045C
:0407C300180690FA8A
:0407C4003A80001760
:0407C500100490FA92
:0407C60048C7883A5E
:0407C7001A8000157F
:0407C80040C0001716
:0407C9004885883A9D
:0407CA0021000044C6
:0407CB0010C019152C
:0407CC00208002186F
:0407CD0039C001042A
:0407CE0042000104E0
:0407CF00103FF01EC9
:0407D000D8801104B8
:0407D100D8C009047F
:0407D2000029883A38
:0407D30019000017F2
:0407D40021000820D8
:0407D5002000031EDF
:0407D60011000017F7
:0407D70021000818DD
:0407D80020005E1E81
:0407D900980B883AB7
:0407DA008009883AD0
:0407DB0000102D409D
:0407DC00008001B4E4
:0407DD00142380352C
:0407DE001023883527
:0407DF00D880231784
:0407E000AD09883A9D
:0407E100018000C4CF
:0407E200100052268B
:0407E300014000448D
:0407E400001005807C
:0407E5000005883A49
:0407E600DFC0221737
:0407E700DF002117F7
:0407E800DDC0201739
:0407E900DD801F1779
:0407EA00DD401E17B9
:0407EB00DD001D17F9
:0407EC00DCC01C173A
:0407ED00DC801B177A
:0407EE00DC401A17BA
:0407EF00DC001917FA
:0407F000DEC0230440
:0407F100F800283AAA
:0407F200D900031710
:0407F300D800011514
:0407F400DD8000158F
:0407F500000F883A2F
:0407F600000D883A30
:0407F700880B883AA9
:0407F8000011BE002E
:0407F900D880081785
:0407FA001544D83A90
:0407FB00D880081585
:0407FC00003F740640
:0407FD00D900090412
:0407FE000005883A30
:0407FF00070C303A79
:040800001940004C4F
:0408010028000B269A
:0408020027000015B6
:04080300108001045C
:04080400114008187F
:040805001806D07A87
:0408060021000104C8
:04080700283FF81E70
:04080800E7000044C1
:04080900D8C0081536
:04080A00E08008186A
:04080B00103F551E27
:04080C00003F6B0638
:04080D00214000176F
:04080E00294008185D
:04080F00283FF31E6D
:04081000D9401104B6
:04081100288B883A6E
:040812002980001524
:04081300003FEF06AD
:040814001080082028
:04081500103F731EFF
:040816002140071561
:04081700003F710627
:04081800E7000054A1
:04081900003F6F0627
:04081A00D9000317E7
:04081B00D8000115EB
:04081C00DD80001566
:04081D00000F883A06
:04081E00000D883A07
:04081F00880B883A80
:040820000011BE0005
:04082100D88008175C
:040822001544D83A67
:04082300D88008155C
:04082400003F7E060D
:040825001180001727
:0408260031800818FD
:04082700A000042603
:04082800303F861EB9
:04082900050C303A50
:04082A00298000150C
:04082B00003F830601
:04082C00303F821EB9
:04082D002980001707
:04082E0000FFFFC404
:04082F0031800820EC
:040830003000021E74
:0408310010C00015DE
:04083200003F7C0601
:0408330028C00015C4
:04083400003F7A0601
:040835000140024438
:04083600003FAD06CC
:04083700A5000044D4
:04083800A100021801
:0408390018C00104DE
:04083A001080010425
:04083B00203F971EA5
:04083C00D8C01117F8
:04083D00D88009173F
:04083E000009883AEB
:04083F0010C5C83ADE
:0408400000C00044B0
:04084100314001172A
:04084200B9C0011721
:0408430029CBC83ABB
:040844002880020EF8
:040845002805883AC0
:040846001809883ACB
:0408470018C0004491
:040848001940021839
:0408490031800104F5
:04084A00BDC0010428
:04084B00283FF51E2F
:04084C000080010E19
:04084D0010800044D3
:04084E00102CD7FA99
:04084F00B0AD883A86
:04085000B02DD07A7D
:040851009D87C83A7D
:0408520018006D0E0F
:040853000007883AD8
:04085400202E90BA08
:0408550098D3C83A32
:04085600D9000504BC
:04085700B88014044D
:04085800020001B4E5
:04085900000F883ACA
:04085A000540080449
:04085B000700080486
:04085C00112F883A96
:04085D00B26DC83A76
:04085E0042224004EE
:04085F00028007C448
:04086000D88009042F
:04086100D9001104A5
:0408620021C9883AE6
:0408630011C5883AF9
:0408640010800017E9
:0408650024C0001794
:04086600B97FF0174F
:04086700B9BFF81706
:0408680014C9C83AAD
:04086900298BC83AD5
:04086A002149C83A1E
:04086B002028D7FA70
:04086C00A129883AFC
:04086D00A029D07A74
:04086E00900890BAA4
:04086F00A5A9883A75
:040870002209883A97
:0408710021400037EB
:040872002D0B883A88
:040873002940081000
:0408740028004F1EEB
:040875003A0B883A78
:040876002D0000371A
:040877005529C83AFD
:04087800DA00071586
:04087900DA40061546
:04087A00D8C00515C8
:04087B00D9C00415C7
:04087C00D880031508
:04087D00218000379F
:04087E008809883A23
:04087F00350D883A71
:04088000900B883A17
:0408810000104640DD
:04088200010001B4BC
:0408830024A38235F3
:04088400D8800317FE
:04088500DA40061738
:04088600D9C00417BA
:040887001505C83A51
:040888001245C83A13
:04088900D8C00517B7
:04088A00DA00071772
:04088B00028007C41C
:04088C001700010E42
:04088D001039883A5C
:04088E009D05883A02
:04088F001245883A4C
:040890001540010E00
:04089100102B883A66
:0408920039C0010464
:040893003880081889
:040894009480004408
:04089500103FCA1E28
:04089600180B883A79
:040897008009883A12
:0408980000102D40DF
:04089900008001B426
:04089A00142380356E
:04089B00D8802417C6
:04089C001000122610
:04089D00D12002174D
:04089E00AF05883AE0
:04089F0020C0061758
:0408A0001887883AF3
:0408A10020C0061558
:0408A200D120091741
:0408A30020C0071753
:0408A40010C7883AB7
:0408A50020C0071553
:0408A600D0E0001787
:0408A700D12008173D
:0408A800180690BAE4
:0408A9001C47883A26
:0408AA001806913A61
:0408AB0020C7883AA0
:0408AC0019000A170E
:0408AD001105883A6F
:0408AE0018800A158F
:0408AF00D12000173D
:0408B0008004907AB6
:0408B1002006907A13
:0408B2001405883A67
:0408B300100490BAE3
:0408B4001907883A5E
:0408B5001806913A56
:0408B60010C5883AA7
:0408B700D0E008176E
:0408B8001885883ADD
:0408B9001540C11510
:0408BA001700C0154E
:0408BB00008001B404
:0408BC001023883548
:0408BD00AF04303A1A
:0408BE001004D7FA51
:0408BF00003F2606CA
:0408C0001880081084
:0408C100103F921E34
:0408C20000C007C4A7
:0408C300003F90065C
:0408C4002140003798
:0408C5002D0B883A35
:0408C600283FB10E08
:0408C70025000037D1
:0408C8000529C83AFC
:0408C900003FAE0638
:0408CA00DEFFF10458
:0408CB00DC400615F2
:0408CC002023883A23
:0408CD0001000044E2
:0408CE00DFC00E1564
:0408CF00DD400A15E9
:0408D000DD00091529
:0408D100DCC008156A
:0408D200DC800715AA
:0408D3002827883A10
:0408D400DF000D151F
:0408D500DDC00C1561
:0408D600DD800B15A1
:0408D700DC00051527
:0408D800001022806A
:0408D9008809883AC8
:0408DA0000102440A6
:0408DB0001000044D4
:0408DC0000102000E8
:0408DD00882890BA1D
:0408DE00008001B4E1
:0408DF0010A0400421
:0408E000A0A9883A09
:0408E10098800204F5
:0408E2000025883A2B
:0408E3000540004488
:0408E400D8800215A1
:0408E500000B883A42
:0408E6008809883ABB
:0408E7000010348049
:0408E8000140004487
:0408E9000009883A40
:0408EA000011158064
:0408EB00D0A0021780
:0408EC001080001761
:0408ED001080040C67
:0408EE0010003B2695
:0408EF00A5800037A9
:0408F0000021883A21
:0408F100B02F883A62
:0408F20007000044B7
:0408F300B880082899
:0408F40010002C1EA6
:0408F50080002B1E36
:0408F600D0A0011776
:0408F700108007174F
:0408F8001000041ECA
:0408F900A5C0003561
:0408FA00008001B4C5
:0408FB0014638035CD
:0408FC001023883508
:0408FD000021883A14
:0408FE00980B883A91
:0408FF00800D883AA6
:040900008809883AA0
:04090100D9400315C1
:04090200001046405B
:04090300D9400317BD
:04090400008001B4BA
:0409050011638235C3
:040906008400010464
:0409070080800818CC
:04090800294000443E
:04090900103FF51E88
:04090A00008001B4B4
:04090B0010238835F8
:04090C008809883A94
:04090D00001149008C
:04090E009821883A6A
:04090F008809883A91
:04091000000D883A14
:04091100800B883A95
:04091200D880031571
:04091300001046404A
:04091400010001B429
:0409150024238235E0
:04091600D8C002172C
:040917008400004414
:04091800D880031769
:040919001C3FF51E6C
:04091A0020238835D9
:04091B00BDC0004417
:04091C001000291E80
:04091D00B88008187E
:04091E00054000840C
:04091F00103FD61E91
:040920000021883AF0
:04092100948000843A
:04092200908002A01F
:0409230010003C1E66
:040924008000331EFE
:04092500900D883A6F
:04092600980B883A68
:040927008809883A79
:040928000010CE00ED
:04092900003FBB06CA
:04092A00D980040468
:04092B000140004443
:04092C008809883A74
:04092D0000110AC0EB
:04092E001021883AD2
:04092F00103FBF1E98
:04093000948000842B
:040931009080029818
:04093200103FF21E62
:04093300A80D883A49
:04093400014000443A
:040935008809883A6B
:040936000010058028
:040937008005883A75
:04093800DFC00E17F7
:04093900DF000D17B7
:04093A00DDC00C17F9
:04093B00DD800B1739
:04093C00DD400A1779
:04093D00DD000917B9
:04093E00DCC00817FA
:04093F00DC8007173A
:04094000DC4006177A
:04094100DC000517BA
:04094200DEC00F0400
:04094300F800283A56
:04094400054000C4A6
:04094500003FAD06BC
:04094600D0A0011725
:0409470010800717FE
:0409480010000D1E70
:04094900A580003550
:04094A00008001B474
:04094B00146380357C
:04094C0010238835B7
:04094D00D8000115B8
:04094E00DF000015B1
:04094F00980F883A3B
:04095000880D883A4C
:04095100880B883A4D
:040952000009883AD6
:040953000011CF4080
:040954001021883AAC
:04095500103FEE263B
:040956000400004455
:04095700003F9B06BC
:0409580094800098EF
:0409590090000426E0
:04095A0001800044D4
:04095B00980B883A33
:04095C008809883A44
:04095D00001069C05D
:04095E00040000444D
:04095F00003FD70678
:04096000803FF91EBD
:04096100003FD1067C
:04096200DEFFFB04B5
:04096300DC0002159D
:040964002021883A8C
:040965000100024447
:04096600DFC00415D5
:04096700DC40031558
:040968002823883A7E
:0409690000102280D8
:04096A00010000C4C4
:04096B000010200058
:04096C008009883A3C
:04096D000010244012
:04096E00D0A00117FD
:04096F0010800717D6
:0409700010000F1E46
:0409710000800044BE
:04097200880F883A28
:04097300D880011512
:04097400D800001592
:04097500800D883A2F
:04097600800B883A30
:040977000009883AB1
:040978000011CF405B
:040979001022C03A4E
:04097A001000061E45
:04097B00018000C433
:04097C0001400244F0
:04097D008009883A2B
:04097E0000100580E0
:04097F00000001066D
:0409800004400044EB
:040981008805883A23
:04098200DFC00417B7
:04098300DC4003173A
:04098400DC0002177A
:04098500DEC00504C7
:04098600F800283A13
:04098700DEFFF50496
:04098800DC00031577
:040989002021883A67
:04098A0001000084E4
:04098B00DFC00A15AA
:04098C00DD4008152D
:04098D00DD0007156D
:04098E00DCC00615AE
:04098F002829883A51
:04099000DC800515ED
:04099100DC4004152D
:04099200DD800915E6
:0409930000102280AE
:04099400010000441A
:04099500001020002E
:040996008009883A12
:0409970000102440E8
:040998000023883A76
:040999000025883A73
:04099A0004C0004451
:04099B00DD40020435
:04099C00900D883AF8
:04099D00A00B883AE9
:04099E008009883A0A
:04099F000010B7C0CD
:0409A000000B883A86
:0409A1008009883A07
:0409A200001034808D
:0409A300000F883A7F
:0409A400DCC001159D
:0409A500DD4000151C
:0409A600000D883A7E
:0409A700800B883AFF
:0409A8000009883A80
:0409A9000011BE007B
:0409AA001000131E08
:0409AB0094800044F0
:0409AC00908002989D
:0409AD008C40064430
:0409AE00103FED1EEB
:0409AF00018000447F
:0409B000014000847E
:0409B1008009883AF7
:0409B20000100580AC
:0409B3000005883A79
:0409B400DFC00A177F
:0409B500DD800917C1
:0409B600DD40081701
:0409B700DD00071741
:0409B800DCC0061782
:0409B900DC800517C2
:0409BA00DC40041702
:0409BB00DC00031742
:0409BC00DEC00B048A
:0409BD00F800283ADC
:0409BE0001000084B0
:0409BF000010200004
:0409C0009000031E82
:0409C100000B883A65
:0409C2008009883AE6
:0409C300001034806C
:0409C4008827883ABE
:0409C5000580004465
:0409C600900D883ACE
:0409C700A00B883ABF
:0409C8008009883AE0
:0409C9000010B7C0A3
:0409CA00000F883A58
:0409CB00DD800115B5
:0409CC00DD400015F5
:0409CD00000D883A57
:0409CE00800B883AD8
:0409CF000009883A59
:0409D0000011BE0054
:0409D10010000426E8
:0409D20094800044C9
:0409D30090800818F0
:0409D4009CC0064479
:0409D500103FF01EC1
:0409D6000180004458
:0409D700A00B883AAF
:0409D8008009883AD0
:0409D9009CFFF9C4C2
:0409DA00001069C0E0
:0409DB009C40022E0C
:0409DC000180008412
:0409DD00003FD206FF
:0409DE00800490BA47
:0409DF00D0E0081745
:0409E000000B883A46
:0409E1001405883A37
:0409E200100490BAB3
:0409E3008009883AC5
:0409E4001885883AB0
:0409E5001440CF15D6
:0409E6008CE3883ADC
:0409E7008822D07A18
:0409E80014C0D01552
:0409E90088803AB018
:0409EA0010000F1ECC
:0409EB000010348044
:0409EC000005883A40
:0409ED00000D883A37
:0409EE003180004410
:0409EF0030C00820EC
:0409F0001080064429
:0409F1001800011ECB
:0409F200147FFB363D
:0409F3008880012EC9
:0409F40031BFFFC44C
:0409F500A00B883A91
:0409F6008009883AB2
:0409F7000010CE001E
:0409F8000080004437
:0409F900003FBA06FB
:0409FA000010348035
:0409FB00883FF01E23
:0409FC00000D883A28
:0409FD00003FF706BA
:0409FE00DEFFDE0436
:0409FF00DC401915AA
:040A0000DC001815E9
:040A01003023883ADC
:040A02002821883AE5
:040A0300008001B4BA
:040A0400DFC0211519
:040A0500DF002015D9
:040A0600DDC01F151B
:040A0700DD801E155B
:040A0800DD401D159B
:040A0900DD001C15DB
:040A0A00DCC01B151C
:040A0B00DC801A155C
:040A0C00D9000215F6
:040A0D001561C83770
:040A0E000005883A1D
:040A0F0000C0080417
:040A1000D9000804FD
:040A11002089883A76
:040A120020C00015EB
:040A1300D9001004F2
:040A14002089883A73
:040A15001080010448
:040A160020C00015E7
:040A170011000818AA
:040A1800203FF71E66
:040A19000027883AF0
:040A1A000025883AF1
:040A1B00DF000704ED
:040A1C00900D883A77
:040A1D00880B883A80
:040A1E008009883A89
:040A1F0000108980BA
:040A2000008001B49D
:040A210010238835E1
:040A2200D9000217DE
:040A2300D8000115E1
:040A2400DF000015DA
:040A2500000F883AFC
:040A2600000D883AFD
:040A2700800B883A7E
:040A28000011BE00FB
:040A2900D8C0071713
:040A2A0098E6B03A60
:040A2B0010001D1E7C
:040A2C00D0A001173E
:040A2D00108003171B
:040A2E0014C01A1EB8
:040A2F00000D883AF4
:040A3000880B883A6D
:040A31008009883A76
:040A320000108980A7
:040A3300DD001004CE
:040A3400A007883A55
:040A35000080070432
:040A36000027883AD3
:040A3700D9000804D6
:040A38002089883A4F
:040A39002140001741
:040A3A009826907AF0
:040A3B002900082066
:040A3C002000231E55
:040A3D009CC0005405
:040A3E0010BFFF04E2
:040A3F00113FFF2044
:040A400018FFFF0498
:040A4100203FF52637
:040A4200058007C460
:040A4300B545C83AB3
:040A44000025883AC7
:040A4500D88003153D
:040A4600DD80180433
:040A470005FFFFC4E4
:040A4800000027067D
:040A4900D9000804C4
:040A4A000005883AE1
:040A4B00048C303AAD
:040A4C001940004C01
:040A4D0028000B264C
:040A4E0024800015EB
:040A4F00108001040E
:040A50001140081831
:040A51001806D07A39
:040A5200210001047A
:040A5300283FF81E22
:040A54009480004446
:040A5500D8C00715E9
:040A5600908008186C
:040A5700103FC41E6A
:040A5800003FD6067F
:040A59002140001721
:040A5A00294008180F
:040A5B00283FF31E1F
:040A5C00D940100469
:040A5D00288B883A20
:040A5E0029800015D6
:040A5F00003FEF065F
:040A6000190007175B
:040A61002100081850
:040A6200203FDB2630
:040A6300194007151A
:040A6400003FD90670
:040A6500D9000804A8
:040A6600D880100420
:040A67001940004CE6
:040A680028005D26DF
:040A690014800015E0
:040A6A0010800104F3
:040A6B001806D07A1F
:040A6C002100010460
:040A6D0015BFF91E9A
:040A6E00D8C00715D0
:040A6F00948000442B
:040A7000D880031710
:040A710014802216B5
:040A7200AC8B883A87
:040A73008009883A34
:040A74000010978057
:040A7500008001B448
:040A7600102388358C
:040A7700D900021789
:040A7800D80001158C
:040A7900DF00001585
:040A7A00000F883AA7
:040A7B00000D883AA8
:040A7C00800B883A29
:040A7D000011BE00A6
:040A7E00D8C00717BE
:040A7F0098E6B03A0B
:040A8000103FE41E21
:040A8100D120011768
:040A82002100031735
:040A830024FFE11E4D
:040A840090000F1EB1
:040A8500D8C01004C1
:040A8600017FFFC429
:040A8700190000173B
:040A88002100081829
:040A89002000061E25
:040A8A00D900080483
:040A8B002089883AFC
:040A8C00210000172E
:040A8D00210008201C
:040A8E002000011E25
:040A8F0019400015F5
:040A900010800104CD
:040A91001100081830
:040A920018C0010483
:040A9300203FF31EEF
:040A9400D1A00017D6
:040A9500801490FA3F
:040A9600D26008170B
:040A9700300C917A14
:040A9800D940080435
:040A9900DA0010046B
:040A9A00280F883A5F
:040A9B000009883A8C
:040A9C005105883A3E
:040A9D003085883ADE
:040A9E0010C00B0475
:040A9F00180690FAAB
:040AA0003AC0001741
:040AA100100490FAB3
:040AA20048C7883A7F
:040AA3001AC0001560
:040AA40040C0001737
:040AA5004885883ABE
:040AA60021000044E7
:040AA70010C059150D
:040AA8002080021890
:040AA90039C001044B
:040AAA004200010401
:040AAB00103FF01EEA
:040AAC00D8801004DA
:040AAD00D8C00804A1
:040AAE000009883A79
:040AAF001980001793
:040AB0003180082069
:040AB1003000031EF0
:040AB2001180001798
:040AB300318008186E
:040AB4003000201ED0
:040AB5000180004478
:040AB60001400104F6
:040AB7008909883AE7
:040AB80000100580A5
:040AB9000005883A72
:040ABA00DFC0211761
:040ABB00DF00201721
:040ABC00DDC01F1763
:040ABD00DD801E17A3
:040ABE00DD401D17E3
:040ABF00DD001C1723
:040AC000DCC01B1764
:040AC100DC801A17A4
:040AC200DC401917E4
:040AC300DC00181724
:040AC400DEC022046A
:040AC500F800283AD3
:040AC60011400017C4
:040AC70029400818A2
:040AC8009000042670
:040AC900283FA01E04
:040ACA00048A303A30
:040ACB0021400015B1
:040ACC00003F9D0644
:040ACD00283F9C1E04
:040ACE0021400017AC
:040ACF002940082092
:040AD0002800021EDA
:040AD10015C0001537
:040AD200003F970644
:040AD30025C0001525
:040AD400003F950644
:040AD50021000044B8
:040AD6002180021861
:040AD70018C001043E
:040AD8001080010485
:040AD900303FD51EB7
:040ADA00D8C0101759
:040ADB00D8800817A0
:040ADC000027883A2D
:040ADD0010C5C83A3E
:040ADE0000C0004410
:040ADF0029000117D2
:040AE000A1800117D9
:040AE1002189C83A65
:040AE2002080020E60
:040AE3002005883A28
:040AE4001827883A0D
:040AE50018C00044F1
:040AE60019000218D9
:040AE700294001049D
:040AE800A500010460
:040AE900203FF51E97
:040AEA000080010E79
:040AEB001080004433
:040AEC001006D7FA1F
:040AED00982690BAFD
:040AEE00024001B40D
:040AEF001887883AA2
:040AF000182DD07A73
:040AF10098801304D2
:040AF200D8C005045F
:040AF30004400804AF
:040AF40005000804ED
:040AF500002F883A0C
:040AF60010E7883A43
:040AF7004A61C0048C
:040AF800028007C4AD
:040AF900B80490BAF3
:040AFA00D8C0080454
:040AFB00997FF017D8
:040AFC001889883A93
:040AFD00D8C0100449
:040AFE0022000017BB
:040AFF001889883A90
:040B000021C00017F9
:040B010099BFF81789
:040B02001245883AD6
:040B030041C9C83AE2
:040B0400298BC83A37
:040B05002149C83A80
:040B06002024D7FAD6
:040B07009125883A72
:040B08009025D07AEA
:040B090095A5883AEC
:040B0A00110000379F
:040B0B002489883A77
:040B0C0021000810AC
:040B0D002000451E61
:040B0E001480003718
:040B0F0054A5C83AE7
:040B1000DA400615AC
:040B1100D9C005152D
:040B1200DA000415EC
:040B13001180003716
:040B1400348D883A5A
:040B1500B80B883A57
:040B16008009883A90
:040B170000103CC0CE
:040B1800008001B4A4
:040B190015E3823529
:040B1A00DA000417E2
:040B1B00D9C0051721
:040B1C00DA4006179E
:040B1D004491C83AFD
:040B1E00028007C486
:040B1F004500010E7E
:040B20004029883AA6
:040B21003C8F883A43
:040B22003C40010E44
:040B23003823883AB1
:040B2400BDC000440C
:040B2500B88002187A
:040B2600103FD21E8C
:040B2700A80B883A55
:040B28008009883A7E
:040B290000109780A1
:040B2A00008001B492
:040B2B0010238835D6
:040B2C000080080439
:040B2D000027883ADB
:040B2E0005C00804F2
:040B2F00D880041551
:040B30000580080430
:040B3100048007C471
:040B3200900B883A62
:040B33008009883A73
:040B34000010950018
:040B3500008001B487
:040B360010238835CB
:040B3700D9000217C8
:040B3800D8000115CB
:040B3900DF000015C4
:040B3A0001C00044B2
:040B3B0001800044F1
:040B3C00800B883A68
:040B3D000011BE00E5
:040B3E0010001A2663
:040B3F00B1000818E1
:040B40000485C83A26
:040B41002000011E71
:040B4200102D883AB0
:040B43001589C83A0E
:040B440024C00316B0
:040B450024C0004484
:040B4600102F883AAA
:040B4700DD80041534
:040B480094BFFFC493
:040B4900913FFFD801
:040B4A00203FE71E43
:040B4B00000B883AD9
:040B4C008009883A5A
:040B4D00D880051532
:040B4E0000109500FE
:040B4F00D88005172E
:040B50001000641E0F
:040B51000011883ACD
:040B52000000210678
:040B53001100003756
:040B54002489883A2E
:040B5500203FBA0E75
:040B560014800037D0
:040B570004A5C83AEF
:040B5800003FB7069D
:040B5900008008040C
:040B5A000580080406
:040B5B00003FEC0665
:040B5C00AA0B883A1E
:040B5D008009883A49
:040B5E00DA0005159F
:040B5F00001097806B
:040B6000008001B45C
:040B610010238835A0
:040B6200D90002179D
:040B6300D8000115A0
:040B6400DF00001599
:040B650001C0004487
:040B660001800044C6
:040B6700800B883A3D
:040B68000011BE00BA
:040B6900DA00051792
:040B6A0010000C2645
:040B6B00B080081836
:040B6C001000011E56
:040B6D00402D883A55
:040B6E004585C83AB7
:040B6F0014C0031695
:040B700014C0004469
:040B7100402F883A4F
:040B7200DD80041509
:040B730042000044F8
:040B7400D88003170B
:040B7500123FE60E37
:040B76000000040671
:040B7700D8C00317C8
:040B780098BFFFC45F
:040B79001A07C83A55
:040B7A001880380E99
:040B7B00D880041703
:040B7C00A80B883A00
:040B7D008009883A29
:040B7E0000ADC83AC4
:040B7F00001097804B
:040B8000B5C5C83AF5
:040B810010FFFFD092
:040B82001800341E05
:040B8300100AD7FA83
:040B8400288B883AF8
:040B8500280BD07AEF
:040B860098000126AC
:040B8700B165C83A52
:040B88008009883A1E
:040B890000109500C3
:040B8A00008001B432
:040B8B001023883576
:040B8C00D1E000179D
:040B8D00D0E0081795
:040B8E00D220021758
:040B8F00380890BAD8
:040B90008D0D883A05
:040B9100240B883A6F
:040B920028801304A0
:040B9300100490FAC0
:040B940021C9883AB1
:040B95002008913A69
:040B96001885883AFC
:040B970015800015B0
:040B9800280490FAA3
:040B9900280A913A5B
:040B9A001885883AF8
:040B9B0015C09915D3
:040B9C004080071777
:040B9D001185883AFC
:040B9E004080071577
:040B9F00800490BA84
:040BA0001405883A76
:040BA100100490BAF2
:040BA2001105883A77
:040BA3001885883AEF
:040BA4001440CD1517
:040BA500D12009173B
:040BA6001500CC1555
:040BA7001480CE15D3
:040BA800208008178A
:040BA9001947883A26
:040BAA003085883AD0
:040BAB002080081589
:040BAC0019800B158C
:040BAD00008001B40F
:040BAE001023883553
:040BAF008D04B03AC7
:040BB0001484303A3F
:040BB1001004D7FA5B
:040BB200003F0706F3
:040BB30005800804AD
:040BB400003FBE063A
:040BB50005800804AB
:040BB600003F9A065C
:040BB700000B883A6D
:040BB800003FCD0627
:040BB900DEFFFC045B
:040BBA00DC00001546
:040BBB002021883A33
:040BBC00010001042F
:040BBD00DFC003157D
:040BBE00DC800215C0
:040BBF00DC40011500
:040BC0003025883A1A
:040BC1002823883A23
:040BC200001022807D
:040BC30001000044E9
:040BC40000102000FD
:040BC5008809883AD9
:040BC60000102440B7
:040BC700900D883ACB
:040BC800880B883AD4
:040BC9008009883ADD
:040BCA0000127F8016
:040BCB0010000C1EEC
:040BCC000180004460
:040BCD0001400104DE
:040BCE008809883AD0
:040BCF001021883A2F
:040BD000001005808C
:040BD1008005883AD9
:040BD200DFC0031766
:040BD300DC800217A9
:040BD400DC400117E9
:040BD500DC00001729
:040BD600DEC0040475
:040BD700F800283AC0
:040BD80004000044D1
:040BD900003FF706DC
:040BDA00F800283ABD
:040BDB00D0A001178E
:040BDC00DEFFF8043C
:040BDD00DC00021521
:040BDE0014000617E2
:040BDF00DD0006151A
:040BE000DCC005155B
:040BE100DC8004159B
:040BE200DC400315DB
:040BE300DFC0071553
:040BE4002825883AFE
:040BE5003027883AF3
:040BE6000420303A7D
:040BE7000005883A43
:040BE8000023883A24
:040BE90005000044BF
:040BEA0080C0004C7B
:040BEB0018000726C1
:040BEC00DD00011512
:040BED00DC80001593
:040BEE0001C00044FE
:040BEF00980D883A9B
:040BF000880B883AAC
:040BF1000009883A35
:040BF2000011BE0030
:040BF3008C400044EE
:040BF40088C001189C
:040BF5008020D07A12
:040BF600183FF31E93
:040BF700DFC007173D
:040BF800DD000617FF
:040BF900DCC0051740
:040BFA00DC80041780
:040BFB00DC400317C0
:040BFC00DC00021700
:040BFD00DEC008044A
:040BFE00F800283A99
:040BFF00DEFFE90428
:040C0000DC400E15B1
:040C01002823883AE2
:040C0200000B883A21
:040C0300DF001515E4
:040C0400DD80131567
:040C0500DC000D15ED
:040C0600DFC0161520
:040C0700DDC0141523
:040C0800DD401215A4
:040C0900DD001115E4
:040C0A00DCC0101525
:040C0B00DC800F1565
:040C0C00D9000315F3
:040C0D00001115803D
:040C0E00009000341E
:040C0F0010BFFFC44F
:040C10008D8000448F
:040C110088B8703AF5
:040C1200B084703A00
:040C13000021883AFA
:040C1400001D883AFD
:040C1500D880051569
:040C1600D880051766
:040C1700E080962EB5
:040C1800E00490FA6A
:040C1900E026907AC7
:040C1A00E02890BA84
:040C1B00D880041564
:040C1C00008001B49F
:040C1D0010A04004DF
:040C1E009F27883A4A
:040C1F00A0A9883AC6
:040C2000980490BAEA
:040C2100058001B495
:040C2200702F883A6D
:040C23000025883AE6
:040C2400B5A2400431
:040C2500D880061558
:040C2600D880041757
:040C2700D1A0001741
:040C2800B81890BAAE
:040C290090A7883ACE
:040C2A009804907A20
:040C2B003008907A83
:040C2C00054000443B
:040C2D0014C5883A28
:040C2E002189883A56
:040C2F00200891FA0E
:040C3000100490BA62
:040C3100ACAA983A97
:040C32006599883AFE
:040C33001105883AE5
:040C3400D1200817AC
:040C35000021883AD8
:040C36000017883AE1
:040C37002085883A52
:040C380013C0E017EE
:040C39005BC5883AD5
:040C3A00110008306D
:040C3B0020002A1E4D
:040C3C0063C000355C
:040C3D00008001B47E
:040C3E0015E3823503
:040C3F0010238835C1
:040C4000D1200017A8
:040C4100D1A0071720
:040C4200D8C00617F9
:040C43002004917A7E
:040C44000013883AD7
:040C450014C5883A10
:040C4600100490FA0C
:040C47003085883A32
:040C480012C00D15B4
:040C49002004907A79
:040C4A001105883ACE
:040C4B001004913AC6
:040C4C00D120081794
:040C4D001885883A44
:040C4E002085883A3B
:040C4F001301401736
:040C50004B05883A8E
:040C51001100083056
:040C52002000381E28
:040C5300A3000035C5
:040C5400008001B467
:040C550017238035AC
:040C560010238835AA
:040C5700D0A0001712
:040C5800D120071789
:040C5900948000443F
:040C5A001004917A77
:040C5B00BDC00044D4
:040C5C0014C5883AF9
:040C5D00108001C43E
:040C5E00100490FAF4
:040C5F002085883A2A
:040C60001240001529
:040C61009080021865
:040C6200103FC31E5E
:040C6300E700004462
:040C64007380020493
:040C6500003FB00696
:040C66006080003575
:040C6700008001B454
:040C680015E38235D9
:040C69001023883597
:040C6A000013883AB1
:040C6B00D900031792
:040C6C00D8800C041C
:040C6D00D800021594
:040C6E00D800011594
:040C6F00D880001514
:040C7000000F883AAF
:040C710001800044BA
:040C7200E00B883AD1
:040C7300DBC00B15C2
:040C7400DAC00A15C3
:040C7500DB80091502
:040C7600DA40081543
:040C7700DB00071582
:040C7800001121C086
:040C7900DA4008173E
:040C7A00DB0007177D
:040C7B00DB800917FA
:040C7C00DAC00A17B9
:040C7D00DBC00B17B6
:040C7E004800031E09
:040C7F00DC000C1772
:040C800002400044EA
:040C8100003FE90641
:040C8200D8800C17F3
:040C83004A4000449F
:040C840080A0703AA2
:040C8500488001E0C2
:040C8600103FE42611
:040C8700AC04703A0F
:040C8800103FB32640
:040C89005AC0004409
:040C8A00003FAE0673
:040C8B00A080003510
:040C8C00008001B42F
:040C8D001723803574
:040C8E001023883572
:040C8F000017883A88
:040C9000D90003176D
:040C9100D8800C04F7
:040C9200D80002156F
:040C9300D80001156F
:040C9400D8800015EF
:040C9500000F883A8A
:040C96000180004495
:040C9700E00B883AAC
:040C9800DAC00A159F
:040C9900DB0009155E
:040C9A00DA4008151F
:040C9B00DB800715DE
:040C9C00001121C062
:040C9D00DAC00A1798
:040C9E00DB800717D9
:040C9F00DA40081718
:040CA000DB00091755
:040CA1005800031ED6
:040CA200DC000C174F
:040CA30002C0004447
:040CA400003FEB061C
:040CA500D8800C17D0
:040CA6005AC00044EC
:040CA70080A0703A7F
:040CA800588001E08F
:040CA900103FE626EC
:040CAA00AC04703AEC
:040CAB00103FA72629
:040CAC004A40004476
:040CAD00003FA2065C
:040CAE008826907A8A
:040CAF00882490FA0B
:040CB000050001B486
:040CB1009C67883A7A
:040CB200982690FAF6
:040CB300002F883A4C
:040CB400A521C004B2
:040CB500D120001733
:040CB60095ED883AF6
:040CB700B004907A7B
:040CB8002006907A08
:040CB900B81290BA23
:040CBA001585883ADA
:040CBB001907883A53
:040CBC00180691FA8B
:040CBD00100490BAD5
:040CBE0007000044E7
:040CBF00E5F8983A82
:040CC00010C5883A99
:040CC100D0E0081760
:040CC2004D13883A0C
:040CC300002B883A40
:040CC4001885883ACD
:040CC5001280E117A1
:040CC600DAC00C0480
:040CC700AA85883A38
:040CC80010C0083020
:040CC9001800331EBE
:040CCA004A80003527
:040CCB00008001B4F0
:040CCC0015E3823575
:040CCD001023883533
:040CCE00D0E000175B
:040CCF00D120071712
:040CD000DA800C04B6
:040CD1001804917AF8
:040CD2001585883AC2
:040CD300100490FA7F
:040CD4002085883AB5
:040CD50015404D1564
:040CD6001804907AF4
:040CD700002B883A2C
:040CD80010C5883A81
:040CD9001004917AF8
:040CDA00D0E0081747
:040CDB009885883A36
:040CDC001885883AB5
:040CDD0012414D175C
:040CDE00AA45883A61
:040CDF0010C0083009
:040CE00018003C1E9E
:040CE100480B883AFA
:040CE2008809883ABB
:040CE30000109780E6
:040CE400008001B4D7
:040CE500102388351B
:040CE600D0A0001783
:040CE700D0E007173B
:040CE800BDC0004447
:040CE9001004917AE8
:040CEA001585883AAA
:040CEB00108009C4A8
:040CEC00100490FA66
:040CED001885883AA4
:040CEE001540001598
:040CEF00B8800218AF
:040CF000103FC41ECF
:040CF100DFC0161733
:040CF200DF001517F3
:040CF300DDC0141735
:040CF400DD80131775
:040CF500DD401217B5
:040CF600DD001117F5
:040CF700DCC0101736
:040CF800DC800F1776
:040CF900DC400E17B6
:040CFA00DC000D17F6
:040CFB00DEC017043C
:040CFC00F800283A9A
:040CFD0048800035F6
:040CFE00008001B4BD
:040CFF0015E3823542
:040D000010238835FF
:040D01000007883A25
:040D0200D9000317FA
:040D0300DAC000153D
:040D0400D8000115FD
:040D050001C00044E5
:040D0600000D883A1A
:040D0700880B883A93
:040D0800D8C0061534
:040D0900DA80051572
:040D0A00DA400415B2
:040D0B000011BE0015
:040D0C00D8C006172E
:040D0D00DA400417AD
:040D0E00DA8005176B
:040D0F00DAC00C0436
:040D10001800031EA6
:040D1100DC000C17DF
:040D120000C00044D9
:040D1300003FEE06A9
:040D1400D8800C1760
:040D150018C00044BE
:040D160080A0703A0F
:040D1700188003E05D
:040D1800103FE92679
:040D1900E404703A44
:040D1A00103FAF26B1
:040D1B00AD400044A3
:040D1C00003FAA06E4
:040D1D0000C001B45D
:040D1E0018A1C8351B
:040D1F00008001B49B
:040D200010238135E6
:040D210010238835DE
:040D22000007883A04
:040D2300D9000317D9
:040D2400DA8000155C
:040D2500D8000115DC
:040D2600000F883AF8
:040D2700000D883AF9
:040D2800880B883A72
:040D2900DA40051592
:040D2A00D8C0041514
:040D2B000011BE00F5
:040D2C00D8C0041710
:040D2D00DA4005178C
:040D2E00DA800C0457
:040D2F001800031E87
:040D3000DC000C17C0
:040D310000C00044BA
:040D3200003FF00688
:040D3300D8800C1741
:040D340018C000449F
:040D350080A0703AF0
:040D3600188003E03E
:040D3700103FEB2658
:040D3800E404703A25
:040D3900103FA7269A
:040D3A00AD40004484
:040D3B00003FA206CD
:040D3C00DEFFF504DD
:040D3D00DC8005153C
:040D3E002025883AAA
:040D3F00D1200017A8
:040D4000DC4004157A
:040D41002822907A5A
:040D42002006907A7D
:040D4300DD40081572
:040D44008945883A1B
:040D45001907883AC8
:040D46001806913AC0
:040D4700100490BA4A
:040D4800DD8009152C
:040D4900DCC00615EF
:040D4A0010C5883A0E
:040D4B00D0E00817D5
:040D4C00DC000315AF
:040D4D00DFC00A15E4
:040D4E001885883A42
:040D4F0015416517CE
:040D5000DD000715A6
:040D51002821883A93
:040D52000027883AB4
:040D5300DD80020439
:040D54009D45883AF7
:040D550010C0083092
:040D560018000E264D
:040D570000C001B423
:040D580018A1C935E0
:040D5900008001B461
:040D5A0010238335AA
:040D5B0010238835A4
:040D5C00050003C4C7
:040D5D00D8000115A4
:040D5E00DD8000151F
:040D5F0001C000448B
:040D600001800044CA
:040D6100800B883A41
:040D62009009883A32
:040D63000011BE00BD
:040D640010003E1E1F
:040D6500008001B455
:040D66001561C93515
:040D6700102383359D
:040D68001023883597
:040D6900D0E00017BF
:040D6A00D120071776
:040D6B008C23883A13
:040D6C00180490BA1D
:040D6D00882290FA4E
:040D6E00DD4002045E
:040D6F001405883AA5
:040D7000100490FAE1
:040D71002085883A17
:040D720014C005158F
:040D73001804907A56
:040D740010C5883AE4
:040D75001004917A5B
:040D760088A3883A8C
:040D7700D0A00817E9
:040D78001445883A5C
:040D790015014D17FC
:040D7A000023883A90
:040D7B008D05883A20
:040D7C0010C008306B
:040D7D0018000E2626
:040D7E0000C001B4FC
:040D7F0018A1C835BA
:040D8000008001B43A
:040D81001023813585
:040D8200102388357D
:040D830004C003C4E1
:040D8400D80001157D
:040D8500DD40001538
:040D860001C0004464
:040D870001800044A3
:040D8800800B883A1A
:040D89009009883A0B
:040D8A000011BE0096
:040D8B0010001B1E1B
:040D8C00A00B883AF6
:040D8D008009883A17
:040D8E00001097803A
:040D8F00008001B42B
:040D9000102388356F
:040D9100D0A00017D7
:040D9200D0E007178F
:040D9300100490BAFE
:040D94001405883A80
:040D9500108000C406
:040D9600100490FABB
:040D97001885883AF9
:040D980014400015EE
:040D9900DFC00A1796
:040D9A00DD800917D8
:040D9B00DD40081718
:040D9C00DD00071758
:040D9D00DCC0061799
:040D9E00DC800517D9
:040D9F00DC40041719
:040DA000DC00031759
:040DA100DEC00B04A1
:040DA200F800283AF3
:040DA300A53FFFC4A5
:040DA400A03FB81E96
:040DA5009CC00044AA
:040DA600003FAD0657
:040DA7009CFFFFC4EA
:040DA800983FDB1E77
:040DA9008C40004436
:040DAA00003FD00630
:040DAB00D0A00117BC
:040DAC001080051797
:040DAD001000101E04
:040DAE0000C03F84BE
:040DAF00008002744A
:040DB00010C5003535
:040DB10000C00484F6
:040DB20010C0003538
:040DB300008003C4F5
:040DB40000C0027405
:040DB500188200356B
:040DB60001000384B1
:040DB70019030035E7
:040DB8001882013567
:040DB90000C004046E
:040DBA00008002743F
:040DBB0010C301352B
:040DBC0000C003442C
:040DBD0010C000352D
:040DBE00F800283AD7
:040DBF00008002B4FA
:040DC00010A0013747
:040DC10000C002B4B8
:040DC20018E00237FC
:040DC3001887883ACB
:040DC400008002B4F5
:040DC50010A0033740
:040DC600D12002171F
:040DC700197FFFC4CD
:040DC800108004048F
:040DC90021400815A8
:040DCA00114008309C
:040DCB002800011EDD
:040DCC00008007C4D8
:040DCD00208001156C
:040DCE0001000274AA
:040DCF0020B000351B
:040DD000D0A0021796
:040DD1001900008481
:040DD20011000215F5
:040DD3000080027426
:040DD40010F00635E0
:040DD50000136AC1DC
:040DD600DEFFFE043A
:040DD700DC00001527
:040DD800DFC0011562
:040DD9000021883A33
:040DDA008009883ACA
:040DDB00000B883A47
:040DDC0000100B00F8
:040DDD008009883AC7
:040DDE0001400204CA
:040DDF0000100F40B1
:040DE0008400004447
:040DE10080800118F5
:040DE200103FF71EA9
:040DE30000803FC489
:040DE40000C001B496
:040DE50018A380359A
:040DE60018A3813598
:040DE7000005883A41
:040DE80000C03FC444
:040DE900010001B450
:040DEA0020A0003510
:040DEB0020E382354A
:040DEC0020E3833548
:040DED00108000442E
:040DEE0011000118D7
:040DEF00203FF91E8A
:040DF000008001B4CA
:040DF100102388350E
:040DF2000021883A1A
:040DF3000140028435
:040DF4008009883AB0
:040DF50000102D407D
:040DF600008001B4C4
:040DF700142380350C
:040DF800840000442F
:040DF90080800118DD
:040DFA00103FF81E90
:040DFB00008001B4BF
:040DFC001023883503
:040DFD0000803FC46F
:040DFE0000C00274BB
:040DFF0018A0013502
:040E000018A0013500
:040E010018A00135FF
:040E020018A00135FE
:040E030018A00135FD
:040E040018A00135FC
:040E050018A00135FB
:040E060000800274F2
:040E07001020023580
:040E0800D0E002171D
:040E0900008002441F
:040E0A001880011536
:040E0B0000C00274AD
:040E0C0018B00035E5
:040E0D00DFC001172A
:040E0E00DC000017ED
:040E0F00DEC002043B
:040E1000F800283A84
:040E1100DEFFFB0401
:040E1200DFC0041524
:040E1300DC000015EA
:040E1400DCC0031526
:040E1500DC80021566
:040E1600DC400115A6
:040E170000140EC0F5
:040E1800D0A002174D
:040E190000C03FC412
:040E1A000021883AF1
:040E1B0010000315AB
:040E1C0010000415A9
:040E1D0010C00515E7
:040E1E0010000615A5
:040E1F0010000715A3
:040E2000D0A009173E
:040E210010001B158D
:040E220010001A158D
:040E230000136FC089
:040E2400008001B495
:040E25001420003560
:040E26008009883A7D
:040E27000140004442
:040E280000106180D5
:040E290084000044FD
:040E2A0080800118AB
:040E2B00103FF81E5E
:040E2C00D0A0038BC4
:040E2D0010803E0CE7
:040E2E0010803E18DA
:040E2F0010002E1E63
:040E300000137580B6
:040E3100008002B487
:040E320010E0013794
:040E3300D0A009172B
:040E340010C01A15BB
:040E3500D0E00217F0
:040E360018C00117C8
:040E370010C01B15B7
:040E3800008001B481
:040E390010238835C5
:040E3A0000800044F0
:040E3B000000450668
:040E3C00948000445A
:040E3D0084000044E9
:040E3E008080011897
:040E3F001000241E5D
:040E400090003F1EC1
:040E4100D0A0011725
:040E420010800617FF
:040E4300103FED1E51
:040E44000011980001
:040E4500103FEB1E51
:040E46000000390669
:040E470080C00084E3
:040E48001806913ABD
:040E4900D0A0081716
:040E4A00000B883AD7
:040E4B008009883A58
:040E4C0010C5883A0B
:040E4D00100000157C
:040E4E0000125880B6
:040E4F0010002C263D
:040E5000D0A0021715
:040E510010800017F6
:040E52001080010CFF
:040E5300103FE9263D
:040E5400D0A0011712
:040E550010800717EB
:040E5600103FE61E45
:040E5700800B883A4A
:040E58000009883ACB
:040E59000012FFC0C4
:040E5A00800B883A47
:040E5B000009883AC8
:040E5C0000134F0030
:040E5D00003FDF066D
:040E5E0000105480AC
:040E5F00D0A0011707
:040E60000025883AA7
:040E61000021883AAA
:040E6200144006171B
:040E63000462303ABB
:040E64008009883A3F
:040E65000013DA009C
:040E66008880004C34
:040E67008822D07A93
:040E6800103FD4263D
:040E6900802690FA55
:040E6A00008001B44F
:040E6B00142000351A
:040E6C00980B883A1D
:040E6D008009883A36
:040E6E00000D883AB1
:040E6F00001069C046
:040E7000000B883AB1
:040E71008009883A32
:040E720000123280B8
:040E7300100008263D
:040E7400D0A00117F2
:040E750010800717CB
:040E7600103FD01E3B
:040E7700980D883A10
:040E7800800B883A29
:040E79000009883AAA
:040E7A000012EE4034
:040E7B00103FCB1E3B
:040E7C00D0A00217E9
:040E7D0010800017CA
:040E7E001080020CD2
:040E7F00103FBC1E46
:040E80000005883AA7
:040E8100DFC00417B3
:040E8200DCC00317B6
:040E8300DC800217F6
:040E8400DC40011736
:040E8500DC00001776
:040E8600DEC00504C1
:040E8700F800283A0D
:040E8800DEFFFE0487
:040E8900DFC00115B0
:040E8A00DC00001573
:040E8B0000142E40E1
:040E8C00D0E0051796
:040E8D0018800117B1
:040E8E00108000943C
:040E8F0018800115B1
:040E90000080027468
:040E910010300335E5
:040E920000102640E6
:040E93000010D1C0BA
:040E94000013844083
:040E95001021883A66
:040E960000136AC01B
:040E97000080027461
:040E980010200235EF
:040E99008000211E96
:040E9A00D0A00217CB
:040E9B0010800017AC
:040E9C001080004C76
:040E9D001000041E1F
:040E9E000010EAC096
:040E9F0000C000840B
:040EA0000080027458
:040EA10010F0023516
:040EA200D0A00217C3
:040EA300110004171F
:040EA40010C0031760
:040EA500108005179D
:040EA6001806923A5E
:040EA7001004943A65
:040EA8001886B03ABE
:040EA9001906B03A3C
:040EAA00008001F4CF
:040EAB0010C004353A
:040EAC00008002744C
:040EAD0010F0043508
:040EAE0000C00084FC
:040EAF0010F0033507
:040EB000D0A00217B5
:040EB1001100041711
:040EB20010C0031752
:040EB300108005178F
:040EB4001806923A50
:040EB5001004943A57
:040EB6001886B03AB0
:040EB7001906B03A2E
:040EB800008001F4C1
:040EB90010C004352C
:040EBA00000024060A
:040EBB00D0A00917A3
:040EBC001000041509
:040EBD00D0A00217A8
:040EBE001080001789
:040EBF001080004C53
:040EC0001000041EFC
:040EC1000010EAC073
:040EC20000C00084E8
:040EC3000080027435
:040EC40010F00235F3
:040EC500D0E0021760
:040EC60019000617F2
:040EC7002004D07AB9
:040EC8002100803055
:040EC9001880061572
:040ECA00188007176E
:040ECB00100AD07ABF
:040ECC0019400715AD
:040ECD002000021EE1
:040ECE0001003FC41C
:040ECF0019000615EB
:040ED00010808030DE
:040ED1001000021EED
:040ED20000803FC499
:040ED3001880071567
:040ED4001880071764
:040ED50019000617E3
:040ED60000C001F463
:040ED7001004923A37
:040ED8001104B03A17
:040ED9001880033545
:040EDA0000C00274DE
:040EDB0018B0043512
:040EDC0000C000440E
:040EDD00008002741B
:040EDE0010F00335D8
:040EDF00D0E009173F
:040EE000188001175E
:040EE1001080005429
:040EE200188001155E
:040EE300188001155D
:040EE400D0E008173B
:040EE5001880011759
:040EE6001080005424
:040EE7001880011559
:040EE8001880011558
:040EE900D0E0071737
:040EEA001880011754
:040EEB00108000541F
:040EEC001880011554
:040EED001880011553
:040EEE00D0E0051734
:040EEF00188001174F
:040EF0001080011459
:040EF100188001154F
:040EF2008005883AB5
:040EF300DFC0011744
:040EF400DC00001707
:040EF500DEC0020455
:040EF600F800283A9E
:040EF7000095557499
:040EF80010813744EA
:040EF90000C001F440
:040EFA001880003527
:040EFB00008001F47E
:040EFC0010000135AC
:040EFD0010000235AA
:040EFE0010000335A8
:040EFF0010000435A6
:040F000010000535A3
:040F010010000635A1
:040F0200F800283A91
:040F0300008001B4B5
:040F040010A34037BF
:040F050010C00060B8
:040F06001800021EAF
:040F070010C00418FA
:040F080018000C1EA3
:040F0900DEFFFF0404
:040F0A00DFC000152F
:040F0B00001026406C
:040F0C000010D1C040
:040F0D000010EAC026
:040F0E0000800274E9
:040F0F001030023567
:040F100000C00044D9
:040F110010F00335A4
:040F1200DFC0001725
:040F1300DEC0010437
:040F1400F800283A7F
:040F150010C000A068
:040F16001800021E9F
:040F17001080081826
:040F18001000011EA6
:040F19000013A2011E
:040F1A00F800283A79
:040F1B00DEFFED0404
:040F1C00D88008046D
:040F1D00D0A0021549
:040F1E0000800084CB
:040F1F00DFC0121508
:040F2000DC001115CB
:040F2100D880081557
:040F2200D6E00115FF
:040F23000013BDC03A
:040F24000100007454
:040F250021115E0434
:040F26000014228011
:040F2700D0A001173E
:040F28000009883AFA
:040F2900100005159A
:040F2A001000071597
:040F2B001000061597
:040F2C00001022800F
:040F2D000009883AF5
:040F2E00001024404B
:040F2F00008020041A
:040F3000D0A0038DBD
:040F310000803FC439
:040F3200D0A0030D3B
:040F33000013A20005
:040F34001021883AC6
:040F35000014324032
:040F36008005883A70
:040F3700DFC01217EE
:040F3800DC001117B1
:040F3900DEC01304FF
:040F3A00F800283A59
:040F3B0000800044EE
:040F3C00F800283A57
:040F3D0000800044EC
:040F3E00F800283A55
:040F3F00D1200117A5
:040F4000D0A009171D
:040F41000140010466
:040F420021C00617AD
:040F43000007883AE1
:040F44000200004463
:040F450011C02215A0
:040F460040CC983AC9
:040F470031CC703AFF
:040F4800300001264E
:040F4900297FFFC439
:040F4A0018C0004487
:040F4B0019800818E9
:040F4C00303FF91E1B
:040F4D0020C00517A4
:040F4E001140211518
:040F4F001800082658
:040F500011401F1716
:040F510029400054DF
:040F520011401F1516
:040F5300000B883ACD
:040F54001806C03A81
:040F550020C007159C
:040F560011401E1513
:040F5700F800283A3C
:040F58000140004410
:040F5900003FFA0655
:040F5A00D0A0091703
:040F5B0000C000448E
:040F5C0010C01D158F
:040F5D001100141754
:040F5E0011001E154B
:040F5F0010C0201589
:040F600010C0121794
:040F610010C0211586
:040F62001000221544
:040F630010001F1546
:040F6400F800283A2F
:040F6500D0A00917F8
:040F6600100023153F
:040F6700F800283A2C
:040F68002004D17A16
:040F6900D0E00917B4
:040F6A00210007CC8F
:040F6B00100490BA24
:040F6C001887883A20
:040F6D0000800044BC
:040F6E0019402317EC
:040F6F001104983A97
:040F70001144B03A3E
:040F710018802315AC
:040F7200F800283A21
:040F7300D0A00817EB
:040F74000009883AAE
:040F75002006907A48
:040F76001907883A95
:040F7700180690BA0E
:040F78002100004410
:040F790010C7883ADB
:040F7A001800C01586
:040F7B001800C11584
:040F7C001800C21582
:040F7D0020C0011877
:040F7E00183FF61E04
:040F7F000009883AA3
:040F800020C0050484
:040F81001806917A43
:040F820010C7883AD2
:040F8300180000153D
:040F84002006917A38
:040F85002100004403
:040F860010C7883ACE
:040F87001800A11598
:040F88001800A21596
:040F89001800A31594
:040F8A001800A41592
:040F8B001800A51590
:040F8C001800A6158E
:040F8D001800A7158C
:040F8E0020C0011866
:040F8F00183FF01EF9
:040F90000009883A92
:040F9100200690BAEC
:040F92001907883A79
:040F9300180690BAF2
:040F940021000044F4
:040F950010C7883ABF
:040F96001800CC155E
:040F97001800CE155B
:040F98001800CF1559
:040F99001800D01557
:040F9A001800CD1559
:040F9B0020C0011859
:040F9C00183FF41EE8
:040F9D000009883A85
:040F9E00200690FA9F
:040F9F0021000044E9
:040FA00010C7883AB4
:040FA1001800181507
:040FA2001800191505
:040FA30018005815C5
:040FA40018005915C3
:040FA50020C0081848
:040FA600183FF71EDB
:040FA7001000981589
:040FA8001000991587
:040FA90010009A1585
:040FAA0010009B1583
:040FAB0010009C1581
:040FAC0010009D157F
:040FAD0010009E157D
:040FAE0010009F157B
:040FAF000009883A73
:040FB0002006907A0D
:040FB1001907883A5A
:040FB200180690BAD3
:040FB30021000044D5
:040FB40010C7883AA0
:040FB50018014215C8
:040FB60018014115C8
:040FB70018014015C8
:040FB80020C001183C
:040FB900183FF61EC9
:040FBA000009883A68
:040FBB002006907A02
:040FBC001907883A4F
:040FBD00180690FA88
:040FBE0021000044CA
:040FBF0010C7883A95
:040FC00018014C15B3
:040FC10018014D15B1
:040FC20018014E15AF
:040FC30018014F15AD
:040FC40018015015AB
:040FC50018015115A9
:040FC60020C001182E
:040FC700183FF31EBE
:040FC8000009883A5A
:040FC9002006907AF4
:040FCA001907883A41
:040FCB00180690BABA
:040FCC0021000044BC
:040FCD0010C7883A87
:040FCE001800E01512
:040FCF001800E11510
:040FD0001800E2150E
:040FD10020C008181C
:040FD200183FF61EB0
:040FD3000009883A4F
:040FD4002006907AE9
:040FD5001907883A36
:040FD600180690BAAF
:040FD70021000044B1
:040FD80010C7883A7C
:040FD9001801641582
:040FDA001801651580
:040FDB00180166157E
:040FDC0020C0011818
:040FDD00183FF61EA5
:040FDE00F800283AB5
:040FDF00D0A0071780
:040FE00000C0080441
:040FE10010C0021525
:040FE20000C0010446
:040FE30010C0031522
:040FE40000C0004405
:040FE50010C004151F
:040FE60010000615DC
:040FE70010000515DC
:040FE80010000815D8
:040FE90010000715D8
:040FEA0010000A15D4
:040FEB0010000915D4
:040FEC0010000C15D0
:040FED0010000B15D0
:040FEE000007883A36
:040FEF00190001C420
:040FF000200890FA4B
:040FF1001109883A20
:040FF20020000015C6
:040FF300180890FA50
:040FF40018C00044DD
:040FF5001109883A1C
:040FF60020000D15B5
:040FF70019000818BD
:040FF800203FF61E82
:040FF9000007883A2B
:040FFA00190009C40D
:040FFB00200890FA40
:040FFC001109883A15
:040FFD0020000015BB
:040FFE00180890FA45
:040FFF0018C00044D2
:041000001109883A10
:0410010020004D1569
:0410020019000818B1
:04100300203FF61E76
:04100400F800283A8E
:04100500D0A0091757
:0410060000C001C461
:04100700D1200817D5
:0410080010C00415FB
:0410090000C03FC420
:04100A0010C00615F7
:04100B0010000715B5
:04100C0010000815B3
:04100D00014001C4D9
:04100E000005883A17
:04100F001006913AFC
:0410100020C7883A33
:0410110018000A15A4
:0410120018000B15A2
:0410130010C0008485
:041014001806913AEF
:041015001080004403
:0410160020C7883A2D
:041017001940001567
:0410180010C00118EB
:04101900183FF51E69
:04101A00F800283A78
:04101B00D0A0091741
:04101C0010001A1591
:04101D0010001B158F
:04101E00F800283A74
:04101F00D0A0061740
:0410200000C0080400
:0410210010000315A3
:0410220010000415A1
:04102300100005159F
:04102400100006159D
:0410250010C00115E1
:0410260010C00215DF
:04102700F800283A6B
:04102800D0A0091734
:04102900D0E00417F8
:04102A00110012049B
:04102B001900011592
:04102C001100220489
:04102D00190002158F
:04102E001100140495
:04102F00190003158C
:0410300011001F0488
:041031001900041589
:041032001100210484
:041033001900051586
:0410340011001E0485
:041035001900061583
:041036001100200481
:041037001900071580
:0410380010801D0403
:0410390018800815FE
:04103A00F800283A58
:04103B00D0A0091721
:04103C00D160081760
:04103D00DEFFFF04CF
:04103E00DFC00015FA
:04103F00D0E00717DF
:041040001000011586
:04104100280001156D
:04104200180001157C
:041043001100011780
:0410440021000094F3
:041045001100011580
:04104600110001157F
:04104700D12002179B
:04104800210000176C
:041049002180008C76
:04104A003000042648
:04104B0029800117E0
:04104C00318000945B
:04104D0029800115E0
:04104E0029800115DF
:04104F002100010C6F
:041050002000042652
:04105100190001176A
:0410520021000094E5
:04105300190001156A
:041054001900011569
:0410550000C0004493
:0410560010C00315AE
:04105700008001F420
:04105800110000374C
:04105900D0A0091703
:04105A000140080445
:04105B00018002040A
:04105C001100021568
:04105D000100034447
:04105E00110009155F
:04105F00010000C4C8
:0410600011000A155C
:0410610010C00B159B
:0410620010C00C1599
:0410630010C00D1597
:0410640010C00E1595
:0410650011400F1512
:041066000100010480
:04106700110010154F
:04106800110011154D
:04106900110012154B
:04106A0011801315C9
:04106B0010C0141588
:04106C0010C0161585
:04106D001100171542
:04106E0010C0181581
:04106F0010C019157F
:0410700011801C15BA
:0410710010C0151581
:041072001000241531
:0410730001803A843A
:0410740011802515AD
:0410750011402615EB
:0410760011402715E9
:0410770011402815E7
:0410780011402915E5
:04107900D0A00817E4
:04107A00114002150A
:04107B001100031548
:04107C0010C0041587
:04107D001100051544
:04107E001100061542
:04107F0010C0071581
:04108000001406C092
:041081000013D68002
:041082000014014015
:041083000013CFC0C7
:041084000013D9403C
:041085000013DCC0B8
:041086000013F7C09C
:04108700DFC00017AF
:04108800DEC00104C1
:0410890000140A0144
:04108A00008001F4ED
:04108B002000071E1C
:04108C00100001351A
:04108D00D020091551
:04108E00D020081551
:04108F00D020071551
:04109000D020061551
:04109100D020051551
:04109200F800283A00
:041093001100013512
:041094002000011522
:0410950021800D04A5
:041096002180081598
:0410970021403704B9
:0410980021400915D5
:0410990020C1A704C7
:04109A0020C00A1553
:04109B002082340477
:04109C0020800C158F
:04109D00D0A00415C6
:04109E00D120051543
:04109F0000823D048A
:0410A000D1A00915BD
:0410A100D1600815FD
:0410A200D0E007157E
:0410A300D02006153E
:0410A4002080001593
:0410A50000802A0499
:0410A60020800D1584
:0410A7000081700450
:0410A8002080371558
:0410A90000808D0432
:0410AA002081A715E5
:0410AB0000800904B4
:0410AC002082341555
:0410AD0020000E15FC
:0410AE0020003815D1
:0410AF002001A8155F
:0410B0000080004478
:0410B1002080031583
:0410B2002000021503
:0410B3002000041500
:0410B40020000515FE
:0410B50020000615FC
:0410B60020000715FA
:0410B70020000B15F5
:0410B800F800283ADA
:0410B900D0A00517A7
:0410BA00100001150C
:0410BB00F800283AD7
:0410BC00D0A00517A4
:0410BD0000C0FA0471
:0410BE0010C0021547
:0410BF001000031505
:0410C000F800283AD2
:0410C100D0A005179F
:0410C20000C000C4A6
:0410C30010C0031541
:0410C400F800283ACE
:0410C500D0A005179B
:0410C60000C00084E2
:0410C70010C003153D
:0410C800F800283ACA
:0410C900DEFFFF0443
:0410CA00DFC000156E
:0410CB0000142F00DE
:0410CC000013C0C08D
:0410CD00D0A0051793
:0410CE0010C0031734
:0410CF0018C000E065
:0410D0001800031EE3
:0410D10010C0031731
:0410D20018C00098AA
:0410D3001800041EDF
:0410D400108002176F
:0410D500108000582F
:0410D600103FF51EB4
:0410D700003FF306DD
:0410D80010C003172A
:0410D900183FF21EAC
:0410DA0010C0021729
:0410DB00190006688A
:0410DC0020001E1EB4
:0410DD00180690BAA7
:0410DE000100007499
:0410DF001909883A29
:0410E00020D0E21723
:0410E1001800683A51
:0410E2000001442C99
:0410E30000014404C0
:0410E40000014404BF
:0410E50000014404BE
:0410E60000014404BD
:0410E7000001442898
:0410E8000001442C93
:0410E90000014404BA
:0410EA0000014404B9
:0410EB0000014404B8
:0410EC0000014404B7
:0410ED0000014404B6
:0410EE0000014404B5
:0410EF0000014404B4
:0410F0000001443483
:0410F1000001444076
:0410F20000014404B1
:0410F3000001440CA8
:0410F4000001446C47
:0410F50000014404AE
:0410F60000014404AD
:0410F700000144941C
:0410F800000144A807
:0410F900000144B8F6
:0410FA00000144C8E5
:0410FB0018800AA0AF
:0410FC0010000D1EB5
:0410FD001880FA203D
:0410FE00103FCD1EB4
:0410FF0018C00A60AB
:041100001800061EAF
:041101000014314065
:04110200003FC906DB
:04110300D0A0011760
:0411040010000515BD
:041105000013CFC044
:0411060000000406DB
:04110700DFC000172E
:04110800DEC0010440
:04110900001430415D
:04110A000013A2002C
:04110B00001430405C
:04110C00003FBF06DB
:04110D00D0A0011756
:04110E0010000615B2
:04110F00003FF506A2
:0411100010C00417F0
:0411110018C00128D9
:04111200183FEE1E76
:04111300108004172D
:04111400D1200117CE
:0411150000C00044D2
:041116001886983A65
:041117002080061717
:0411180010C4B03A15
:041119002080061517
:04111A00003FEA06A2
:04111B0010C00417E5
:04111C00183FE41E76
:04111D001080041723
:04111E00D0E0011705
:04111F0010800144F7
:04112000100490BA6D
:041121001885883A6B
:0411220000C00044C5
:0411230010C00015E3
:04112400003FE006A2
:04112500D0E00217FD
:041126001880001716
:04112700108001141F
:041128001880001516
:04112900003FE1069C
:04112A00D0E00217F8
:04112B001880001711
:04112C001080021419
:04112D00003FFA067F
:04112E00D0E00217F4
:04112F00188000170D
:041130001080041413
:04113100003FF6067F
:04113200110004178D
:04113300D0E00217EF
:041134001880001708
:04113500200002266E
:041136001080081409
:04113700003FF0067F
:04113800013FF7C4B8
:041139001104703AF3
:04113A00003FED067F
:04113B00DEFFFF04D0
:04113C000009883AE4
:04113D00DFC00015FA
:04113E0000145180C8
:04113F0000145380C5
:04114000D1A00A1719
:04114100D1600B1757
:04114200D1200C1795
:04114300DFC00017F2
:04114400DEC0010404
:041145000013C6C10C
:04114600DEFFFF04C5
:04114700DFC00015F0
:04114800001453C07C
:0411490000800044DE
:04114A001001703AE6
:04114B00DFC00017EA
:04114C00DEC00104FC
:04114D00F800283A44
:04114E00F800283A43
:04114F00000170FA31
:04115000F800283A41
:04115100000000009A
:041152000000000099
:041153000000000098
:041154000000000097
:041155000000000096
:041156000000000095
:041157000000000094
:041158000000000093
:041159000000000092
:04115A000000000091
:04115B000000000090
:04115C00000000008F
:04115D00000000008E
:04115E00000000008D
:04115F00000000008C
:04116000000000008B
:04116100000000008A
:041162000000000089
:041163000000000088
:041164000000000087
:041165000000000086
:041166000000000085
:041167000000000084
:041168000000000083
:041169000000000082
:04116A000000000081
:04116B000000000080
:04116C00000000007F
:04116D00000000007E
:04116E00000000007D
:04116F00000000007C
:04117000000000007B
:04117100000000007A
:041172000000000079
:041173000000000078
:041174000000000077
:041175000000000076
:041176000000000075
:041177000000000074
:041178000000000073
:041179000000000072
:04117A000000000071
:04117B000000000070
:04117C00000000006F
:04117D00000000006E
:04117E00000000006D
:04117F00000000006C
:04118000000000006B
:04118100000000006A
:041182000000000069
:041183000000000068
:041184000000000067
:041185000000000066
:041186000000000065
:041187000000000064
:041188000000000063
:041189000000000062
:04118A000000000061
:04118B000000000060
:04118C00000000005F
:04118D00000000005E
:04118E00000000005D
:04118F00000000005C
:04119000000000005B
:04119100000000005A
:041192000000000059
:041193000000000058
:041194000000000057
:041195000000000056
:041196000000000055
:041197000000000054
:041198000000000053
:041199000000000052
:04119A000000000051
:04119B000000000050
:04119C00000000004F
:04119D00000000004E
:04119E00000000004D
:04119F00000000004C
:0411A000000000004B
:0411A100000000004A
:0411A2000000000049
:0411A3000000000048
:0411A4000000000047
:0411A5000000000046
:0411A6000000000045
:0411A7000000000044
:0411A8000000000043
:0411A9000000000042
:0411AA000000000041
:0411AB000000000040
:0411AC00000000003F
:0411AD00000000003E
:0411AE00000000003D
:0411AF00000000003C
:0411B000000000003B
:0411B100000000003A
:0411B2000000000039
:0411B3000000000038
:0411B4000000000037
:0411B5000000000036
:0411B6000000000035
:0411B7000000000034
:0411B8000000000033
:0411B9000000000032
:0411BA000000000031
:0411BB000000000030
:0411BC00000000002F
:0411BD00000000002E
:0411BE00000000002D
:0411BF00000000002C
:0411C000000000002B
:0411C100000000002A
:0411C2000000000029
:0411C3000000000028
:0411C4000000000027
:0411C5000000000026
:0411C6000000000025
:0411C7000000000024
:0411C8000000000023
:0411C9000000000022
:0411CA000000000021
:0411CB000000000020
:0411CC00000000001F
:0411CD00000000001E
:0411CE00000000001D
:0411CF00000000001C
:0411D000000000001B
:0411D100000000001A
:0411D2000000000019
:0411D3000000000018
:0411D4000000000017
:0411D5000000000016
:0411D6000000000015
:0411D7000000000014
:0411D8000000000013
:0411D9000000000012
:0411DA000000000011
:0411DB000000000010
:0411DC00000000000F
:0411DD00000000000E
:0411DE00000000000D
:0411DF00000000000C
:0411E000000000000B
:0411E100000000000A
:0411E2000000000009
:0411E3000000000008
:0411E4000000000007
:0411E5000000000006
:0411E6000000000005
:0411E7000000000004
:0411E8000000000003
:0411E9000000000002
:0411EA000000000001
:0411EB000000000000
:0411EC0000000000FF
:0411ED0000000000FE
:0411EE0000000000FD
:0411EF0000000000FC
:0411F00000000000FB
:0411F10000000000FA
:0411F20000000000F9
:0411F30000000000F8
:0411F40000000000F7
:0411F50000000000F6
:0411F60000000000F5
:0411F70000000000F4
:0411F80000000000F3
:0411F90000000000F2
:0411FA0000000000F1
:0411FB0000000000F0
:0411FC0000000000EF
:0411FD0000000000EE
:0411FE0000000000ED
:0411FF0000000000EC
:0412000000000000EA
:0412010000000000E9
:0412020000000000E8
:0412030000000000E7
:0412040000000000E6
:0412050000000000E5
:0412060000000000E4
:0412070000000000E3
:0412080000000000E2
:0412090000000000E1
:04120A0000000000E0
:04120B0000000000DF
:04120C0000000000DE
:04120D0000000000DD
:04120E0000000000DC
:04120F0000000000DB
:0412100000000000DA
:0412110000000000D9
:0412120000000000D8
:0412130000000000D7
:0412140000000000D6
:0412150000000000D5
:0412160000000000D4
:0412170000000000D3
:0412180000000000D2
:0412190000000000D1
:04121A0000000000D0
:04121B0000000000CF
:04121C0000000000CE
:04121D0000000000CD
:04121E0000000000CC
:04121F0000000000CB
:0412200000000000CA
:0412210000000000C9
:0412220000000000C8
:0412230000000000C7
:0412240000000000C6
:0412250000000000C5
:0412260000000000C4
:0412270000000000C3
:0412280000000000C2
:0412290000000000C1
:04122A0000000000C0
:04122B0000000000BF
:04122C0000000000BE
:04122D0000000000BD
:04122E0000000000BC
:04122F0000000000BB
:0412300000000000BA
:0412310000000000B9
:0412320000000000B8
:0412330000000000B7
:0412340000000000B6
:0412350000000000B5
:0412360000000000B4
:0412370000000000B3
:0412380000000000B2
:0412390000000000B1
:04123A0000000000B0
:04123B0000000000AF
:04123C0000000000AE
:04123D0000000000AD
:04123E0000000000AC
:04123F0000000000AB
:0412400000000000AA
:0412410000000000A9
:0412420000000000A8
:0412430000000000A7
:0412440000000000A6
:0412450000000000A5
:0412460000000000A4
:0412470000000000A3
:0412480000000000A2
:0412490000000000A1
:04124A0000000000A0
:04124B00000000009F
:04124C00000000009E
:04124D00000000009D
:04124E00000000009C
:04124F00000000009B
:04125000000000009A
:041251000000000099
:041252000000000098
:041253000000000097
:041254000000000096
:041255000000000095
:041256000000000094
:041257000000000093
:041258000000000092
:041259000000000091
:04125A000000000090
:04125B00000000008F
:04125C00000000008E
:04125D00000000008D
:04125E00000000008C
:04125F00000000008B
:04126000000000008A
:041261000000000089
:041262000000000088
:041263000000000087
:041264000000000086
:041265000000000085
:041266000000000084
:041267000000000083
:041268000000000082
:041269000000000081
:04126A000000000080
:04126B00000000007F
:04126C00000000007E
:04126D00000000007D
:04126E00000000007C
:04126F00000000007B
:04127000000000007A
:041271000000000079
:041272000000000078
:041273000000000077
:041274000000000076
:041275000000000075
:041276000000000074
:041277000000000073
:041278000000000072
:041279000000000071
:04127A000000000070
:04127B00000000006F
:04127C00000000006E
:04127D00000000006D
:04127E00000000006C
:04127F00000000006B
:04128000000000006A
:041281000000000069
:041282000000000068
:041283000000000067
:041284000000000066
:041285000000000065
:041286000000000064
:041287000000000063
:041288000000000062
:041289000000000061
:04128A000000000060
:04128B00000000005F
:04128C00000000005E
:04128D00000000005D
:04128E00000000005C
:04128F00000000005B
:04129000000000005A
:041291000000000059
:041292000000000058
:041293000000000057
:041294000000000056
:041295000000000055
:041296000000000054
:041297000000000053
:041298000000000052
:041299000000000051
:04129A000000000050
:04129B00000000004F
:04129C00000000004E
:04129D00000000004D
:04129E00000000004C
:04129F00000000004B
:0412A000000000004A
:0412A1000000000049
:0412A2000000000048
:0412A3000000000047
:0412A4000000000046
:0412A5000000000045
:0412A6000000000044
:0412A7000000000043
:0412A8000000000042
:0412A9000000000041
:0412AA000000000040
:0412AB00000000003F
:0412AC00000000003E
:0412AD00000000003D
:0412AE00000000003C
:0412AF00000000003B
:0412B000000000003A
:0412B1000000000039
:0412B2000000000038
:0412B3000000000037
:0412B4000000000036
:0412B5000000000035
:0412B6000000000034
:0412B7000000000033
:0412B8000000000032
:0412B9000000000031
:0412BA000000000030
:0412BB00000000002F
:0412BC00000000002E
:0412BD00000000002D
:0412BE00000000002C
:0412BF00000000002B
:0412C000000000002A
:0412C1000000000029
:0412C2000000000028
:0412C3000000000027
:0412C4000000000026
:0412C5000000000025
:0412C6000000000024
:0412C7000000000023
:0412C8000000000022
:0412C9000000000021
:0412CA000000000020
:0412CB00000000001F
:0412CC00000000001E
:0412CD00000000001D
:0412CE00000000001C
:0412CF00000000001B
:0412D000000000001A
:0412D1000000000019
:0412D2000000000018
:0412D3000000000017
:0412D4000000000016
:0412D5000000000015
:0412D6000000000014
:0412D7000000000013
:0412D8000000000012
:0412D9000000000011
:0412DA000000000010
:0412DB00000000000F
:0412DC00000000000E
:0412DD00000000000D
:0412DE00000000000C
:0412DF00000000000B
:0412E000000000000A
:0412E1000000000009
:0412E2000000000008
:0412E3000000000007
:0412E4000000000006
:0412E5000000000005
:0412E6000000000004
:0412E7000000000003
:0412E8000000000002
:0412E9000000000001
:0412EA000000000000
:0412EB0000000000FF
:0412EC0000000000FE
:0412ED0000000000FD
:0412EE0000000000FC
:0412EF0000000000FB
:0412F00000000000FA
:0412F10000000000F9
:0412F20000000000F8
:0412F30000000000F7
:0412F40000000000F6
:0412F50000000000F5
:0412F60000000000F4
:0412F70000000000F3
:0412F80000000000F2
:0412F90000000000F1
:0412FA0000000000F0
:0412FB0000000000EF
:0412FC0000000000EE
:0412FD0000000000ED
:0412FE0000000000EC
:0412FF0000000000EB
:0413000000000000E9
:0413010000000000E8
:0413020000000000E7
:0413030000000000E6
:0413040000000000E5
:0413050000000000E4
:0413060000000000E3
:0413070000000000E2
:0413080000000000E1
:0413090000000000E0
:04130A0000000000DF
:04130B0000000000DE
:04130C0000000000DD
:04130D0000000000DC
:04130E0000000000DB
:04130F0000000000DA
:0413100000000000D9
:0413110000000000D8
:0413120000000000D7
:0413130000000000D6
:0413140000000000D5
:0413150000000000D4
:0413160000000000D3
:0413170000000000D2
:0413180000000000D1
:0413190000000000D0
:04131A0000000000CF
:04131B0000000000CE
:04131C0000000000CD
:04131D0000000000CC
:04131E0000000000CB
:04131F0000000000CA
:0413200000000000C9
:0413210000000000C8
:0413220000000000C7
:0413230000000000C6
:0413240000000000C5
:0413250000000000C4
:0413260000000000C3
:0413270000000000C2
:0413280000000000C1
:0413290000000000C0
:04132A0000000000BF
:04132B0000000000BE
:04132C0000000000BD
:04132D0000000000BC
:04132E0000000000BB
:04132F0000000000BA
:0413300000000000B9
:0413310000000000B8
:0413320000000000B7
:0413330000000000B6
:0413340000000000B5
:0413350000000000B4
:0413360000000000B3
:0413370000000000B2
:0413380000000000B1
:0413390000000000B0
:04133A0000000000AF
:04133B0000000000AE
:04133C0000000000AD
:04133D0000000000AC
:04133E0000000000AB
:04133F0000000000AA
:0413400000000000A9
:0413410000000000A8
:0413420000000000A7
:0413430000000000A6
:0413440000000000A5
:0413450000000000A4
:0413460000000000A3
:0413470000000000A2
:0413480000000000A1
:0413490000000000A0
:04134A00000000009F
:04134B00000000009E
:04134C00000000009D
:04134D00000000009C
:04134E00000000009B
:04134F00000000009A
:041350000000000099
:041351000000000098
:041352000000000097
:041353000000000096
:041354000000000095
:041355000000000094
:041356000000000093
:041357000000000092
:041358000000000091
:041359000000000090
:04135A00000000008F
:04135B00000000008E
:04135C00000000008D
:04135D00000000008C
:04135E00000000008B
:04135F00000000008A
:041360000000000089
:041361000000000088
:041362000000000087
:041363000000000086
:041364000000000085
:041365000000000084
:041366000000000083
:041367000000000082
:041368000000000081
:041369000000000080
:04136A00000000007F
:04136B00000000007E
:04136C00000000007D
:04136D00000000007C
:04136E00000000007B
:04136F00000000007A
:041370000000000079
:041371000000000078
:041372000000000077
:041373000000000076
:041374000000000075
:041375000000000074
:041376000000000073
:041377000000000072
:041378000000000071
:041379000000000070
:04137A00000000006F
:04137B00000000006E
:04137C00000000006D
:04137D00000000006C
:04137E00000000006B
:04137F00000000006A
:041380000000000069
:041381000000000068
:041382000000000067
:041383000000000066
:041384000000000065
:041385000000000064
:041386000000000063
:041387000000000062
:041388000000000061
:041389000000000060
:04138A00000000005F
:04138B00000000005E
:04138C00000000005D
:04138D00000000005C
:04138E00000000005B
:04138F00000000005A
:041390000000000059
:041391000000000058
:041392000000000057
:041393000000000056
:041394000000000055
:041395000000000054
:041396000000000053
:041397000000000052
:041398000000000051
:041399000000000050
:04139A00000000004F
:04139B00000000004E
:04139C00000000004D
:04139D00000000004C
:04139E00000000004B
:04139F00000000004A
:0413A0000000000049
:0413A1000000000048
:0413A2000000000047
:0413A3000000000046
:0413A4000000000045
:0413A5000000000044
:0413A6000000000043
:0413A7000000000042
:0413A8000000000041
:0413A9000000000040
:0413AA00000000003F
:0413AB00000000003E
:0413AC00000000003D
:0413AD00000000003C
:0413AE00000000003B
:0413AF00000000003A
:0413B0000000000039
:0413B1000000000038
:0413B2000000000037
:0413B3000000000036
:0413B4000000000035
:0413B5000000000034
:0413B6000000000033
:0413B7000000000032
:0413B8000000000031
:0413B9000000000030
:0413BA00000000002F
:0413BB00000000002E
:0413BC00000000002D
:0413BD00000000002C
:0413BE00000000002B
:0413BF00000000002A
:0413C0000000000029
:0413C1000000000028
:0413C2000000000027
:0413C3000000000026
:0413C4000000000025
:0413C5000000000024
:0413C6000000000023
:0413C7000000000022
:0413C8000000000021
:0413C9000000000020
:0413CA00000000001F
:0413CB00000000001E
:0413CC00000000001D
:0413CD00000000001C
:0413CE00000000001B
:0413CF00000000001A
:0413D0000000000019
:0413D1000000000018
:0413D2000000000017
:0413D3000000000016
:0413D4000000000015
:0413D5000000000014
:0413D6000000000013
:0413D7000000000012
:0413D8000000000011
:0413D9000000000010
:0413DA00000000000F
:0413DB00000000000E
:0413DC00000000000D
:0413DD00000000000C
:0413DE00000000000B
:0413DF00000000000A
:0413E0000000000009
:0413E1000000000008
:0413E2000000000007
:0413E3000000000006
:0413E4000000000005
:0413E5000000000004
:0413E6000000000003
:0413E7000000000002
:0413E8000000000001
:0413E9000000000000
:0413EA0000000000FF
:0413EB0000000000FE
:0413EC0000000000FD
:0413ED0000000000FC
:0413EE0000000000FB
:0413EF0000000000FA
:0413F00000000000F9
:0413F10000000000F8
:0413F20000000000F7
:0413F30000000000F6
:0413F40000000000F5
:0413F50000000000F4
:0413F60000000000F3
:0413F70000000000F2
:0413F80000000000F1
:0413F90000000000F0
:0413FA0000000000EF
:0413FB0000000000EE
:0413FC0000000000ED
:0413FD0000000000EC
:0413FE0000000000EB
:0413FF0000000000EA
:0414000000000000E8
:0414010000000000E7
:0414020000000000E6
:0414030000000000E5
:0414040000000000E4
:0414050000000000E3
:0414060000000000E2
:0414070000000000E1
:0414080000000000E0
:0414090000000000DF
:04140A0000000000DE
:04140B0000000000DD
:04140C0000000000DC
:04140D0000000000DB
:04140E0000000000DA
:04140F0000000000D9
:0414100000000000D8
:0414110000000000D7
:0414120000000000D6
:0414130000000000D5
:0414140000000000D4
:0414150000000000D3
:0414160000000000D2
:0414170000000000D1
:0414180000000000D0
:0414190000000000CF
:04141A0000000000CE
:04141B0000000000CD
:04141C0000000000CC
:04141D0000000000CB
:04141E0000000000CA
:04141F0000000000C9
:0414200000000000C8
:0414210000000000C7
:0414220000000000C6
:0414230000000000C5
:0414240000000000C4
:0414250000000000C3
:0414260000000000C2
:0414270000000000C1
:0414280000000000C0
:0414290000000000BF
:04142A0000000000BE
:04142B0000000000BD
:04142C0000000000BC
:04142D0000000000BB
:04142E0000000000BA
:04142F0000000000B9
:0414300000000000B8
:0414310000000000B7
:0414320000000000B6
:0414330000000000B5
:0414340000000000B4
:0414350000000000B3
:0414360000000000B2
:0414370000000000B1
:0414380000000000B0
:0414390000000000AF
:04143A0000000000AE
:04143B0000000000AD
:04143C0000000000AC
:04143D0000000000AB
:04143E0000000000AA
:04143F0000000000A9
:0414400000000000A8
:0414410000000000A7
:0414420000000000A6
:0414430000000000A5
:0414440000000000A4
:0414450000000000A3
:0414460000000000A2
:0414470000000000A1
:0414480000000000A0
:04144900000000009F
:04144A00000000009E
:04144B00000000009D
:04144C00000000009C
:04144D00000000009B
:04144E00000000009A
:04144F000000000099
:041450000000000098
:041451000000000097
:041452000000000096
:041453000000000095
:041454000000000094
:041455000000000093
:041456000000000092
:041457000000000091
:041458000000000090
:04145900000000008F
:04145A00000000008E
:04145B00000000008D
:04145C00000000008C
:04145D00000000008B
:04145E00000000008A
:04145F000000000089
:041460000000000088
:041461000000000087
:041462000000000086
:041463000000000085
:041464000000000084
:041465000000000083
:041466000000000082
:041467000000000081
:041468000000000080
:04146900000000007F
:04146A00000000007E
:04146B00000000007D
:04146C00000000007C
:04146D00000000007B
:04146E00000000007A
:04146F000000000079
:041470000000000078
:041471000000000077
:041472000000000076
:041473000000000075
:041474000000000074
:041475000000000073
:041476000000000072
:041477000000000071
:041478000000000070
:04147900000000006F
:04147A00000000006E
:04147B00000000006D
:04147C00000000006C
:04147D00000000006B
:04147E00000000006A
:04147F000000000069
:041480000000000068
:041481000000000067
:041482000000000066
:041483000000000065
:041484000000000064
:041485000000000063
:041486000000000062
:041487000000000061
:041488000000000060
:04148900000000005F
:04148A00000000005E
:04148B00000000005D
:04148C00000000005C
:04148D00000000005B
:04148E00000000005A
:04148F000000000059
:041490000000000058
:041491000000000057
:041492000000000056
:041493000000000055
:041494000000000054
:041495000000000053
:041496000000000052
:041497000000000051
:041498000000000050
:04149900000000004F
:04149A00000000004E
:04149B00000000004D
:04149C00000000004C
:04149D00000000004B
:04149E00000000004A
:04149F000000000049
:0414A0000000000048
:0414A1000000000047
:0414A2000000000046
:0414A3000000000045
:0414A4000000000044
:0414A5000000000043
:0414A6000000000042
:0414A7000000000041
:0414A8000000000040
:0414A900000000003F
:0414AA00000000003E
:0414AB00000000003D
:0414AC00000000003C
:0414AD00000000003B
:0414AE00000000003A
:0414AF000000000039
:0414B0000000000038
:0414B1000000000037
:0414B2000000000036
:0414B3000000000035
:0414B4000000000034
:0414B5000000000033
:0414B6000000000032
:0414B7000000000031
:0414B8000000000030
:0414B900000000002F
:0414BA00000000002E
:0414BB00000000002D
:0414BC00000000002C
:0414BD00000000002B
:0414BE00000000002A
:0414BF000000000029
:0414C0000000000028
:0414C1000000000027
:0414C2000000000026
:0414C3000000000025
:0414C4000000000024
:0414C5000000000023
:0414C6000000000022
:0414C7000000000021
:0414C8000000000020
:0414C900000000001F
:0414CA00000000001E
:0414CB00000000001D
:0414CC00000000001C
:0414CD00000000001B
:0414CE00000000001A
:0414CF000000000019
:0414D0000000000018
:0414D1000000000017
:0414D2000000000016
:0414D3000000000015
:0414D4000000000014
:0414D5000000000013
:0414D6000000000012
:0414D7000000000011
:0414D8000000000010
:0414D900000000000F
:0414DA00000000000E
:0414DB00000000000D
:0414DC00000000000C
:0414DD00000000000B
:0414DE00000000000A
:0414DF000000000009
:0414E0000000000008
:0414E1000000000007
:0414E2000000000006
:0414E3000000000005
:0414E4000000000004
:0414E5000000000003
:0414E6000000000002
:0414E7000000000001
:0414E8000000000000
:0414E90000000000FF
:0414EA0000000000FE
:0414EB0000000000FD
:0414EC0000000000FC
:0414ED0000000000FB
:0414EE0000000000FA
:0414EF0000000000F9
:0414F00000000000F8
:0414F10000000000F7
:0414F20000000000F6
:0414F30000000000F5
:0414F40000000000F4
:0414F50000000000F3
:0414F60000000000F2
:0414F70000000000F1
:0414F80000000000F0
:0414F90000000000EF
:0414FA0000000000EE
:0414FB0000000000ED
:0414FC0000000000EC
:0414FD0000000000EB
:0414FE0000000000EA
:0414FF0000000000E9
:00000001FF
